Workbook

Sheet Beruházás
Q1: Visszaigényelhető Áfa | V1: Vissza nem igényelhető Áfa
A2: Megnevezés | B2: Nettó Költség költség | C2: Visszaigényelhető Áfa | D2: Vissza nem igényelhető Áfa | E2: Teljes költség | F2: Nem elszámolható költség | G2: Elszámolható költség | H2: Nem elszámolható költség aránya (%) | I2: 2022 | J2: 2023 | K2: 2024 | L2: 2025 | M2: 2026 | Q2: 2022 | R2: 2023 | S2: 2024 | T2: 2025 | U2: 2026 | V2: 2022 | W2: 2023 | X2: 2024 | Y2: 2025 | Z2: 2026
A3: Projekt előkészítés | B3: =SUM(B4:B8) -> 15800000 | C3: =SUM(C4:C8) -> 2160000 | D3: =SUM(D4:D8) -> 2106000 | E3: =SUM(E4:E8) -> 15800000 | F3: =SUM(F4:F8) -> 0 | G3: =SUM(G4:G8) -> 15800000 | H3: =F3/E3 -> 0 | I3: =SUM(I4:I8) -> 6100000 | J3: =SUM(J4:J8) -> 0 | K3: =SUM(K4:K8) -> 5200000 | L3: =SUM(L4:L8) -> 4500000 | M3: =SUM(M4:M8) -> 0 | N3: =SUM(I3:M3) -> 15800000 | O3: =IF(N3=B3,"Ok","Nem jó") -> Ok | P3: reg | Q3: =SUM(Q4:Q8) -> 945000 | R3: =SUM(R4:R8) -> 0 | S3: =SUM(S4:S8) -> 0 | T3: =SUM(T4:T8) -> 1215000 | U3: =SUM(U4:U8) -> 0 | V3: =SUM(V4:V8) -> 702000 | W3: =SUM(W4:W8) -> 0 | X3: =SUM(X4:X8) -> 1404000 | ... Z3: =SUM(Z4:Z8) -> 0 | AA3: =SUM(V3:Z3) -> 2106000 | AB3: =IF(AA3=D3,"OK","Nem jó") -> OK
E4: =B4+C4+D4 -> 0 | F4: =D4 -> 0 | G4: =E4-F4 -> 0 | H4: =F4/B4 -> #DIV/0! | N4: =SUM(I4:M4) -> 0 | O4: =IF(N4=B4,"Ok","Nem jó") -> Ok | P4: reg | V4: =I4*0.27 -> 0 | W4: =J4*0.27 -> 0 | X4: =K4*0.27 -> 0 | Y4: =L4*0.27 -> 0 | Z4: =M4*0.27 -> 0 | AA4: =SUM(V4:Z4) -> 0 | AB4: =IF(AA4=D4,"OK","Nem jó") -> OK
A5: Engedélyes és kiviteli terv - út bruttó | B5: 5600000 | D5: =B5*0.27 -> 1512000 | E5: =B5 -> 5600000 | F5: 0 | G5: =B5 -> 5600000 | H5: =F5/B5 -> 0 | I5: =3302000/1.27 -> 2600000 | K5: =3810000/1.27 -> 3000000 | N5: =SUM(I5:M5) -> 5600000 | O5: =IF(N5=B5,"Ok","Nem jó") -> Ok | P5: reg | V5: =I5*0.27 -> 702000 | W5: =J5*0.27 -> 0 | X5: =K5*0.27 -> 810000 | Y5: =L5*0.27 -> 0 | Z5: =M5*0.27 -> 0 | AA5: =SUM(V5:Z5) -> 1512000 | AB5: =IF(AA5=D5,"OK","Nem jó") -> OK
A6: Engedélyes és kiviteli terv - épület nettó | B6: 8000000 | C6: =B6*0.27 -> 2160000 | E6: =B6 -> 8000000 | F6: 0 | G6: =B6 -> 8000000 | H6: =F6/B6 -> 0 | I6: 3500000 | L6: 4500000 | N6: =SUM(I6:M6) -> 8000000 | O6: =IF(N6=B6,"Ok","Nem jó") -> Ok | P6: reg | Q6: =I6*0.27 -> 945000 | R6: =J6*0.27 -> 0 | S6: =K6*0.27 -> 0 | T6: =L6*0.27 -> 1215000 | U6: =M6*0.27 -> 0 | AA6: =SUM(V6:Z6) -> 0 | AB6: =IF(AA6=D6,"OK","Nem jó") -> OK
A7: Éghajlatváltozási rezisztencia-vizsgálat | B7: 2000000 | D7: =B7*0.27 -> 540000 | E7: =B7 -> 2000000 | F7: 0 | G7: =B7 -> 2000000 | H7: =F7/B7 -> 0 | K7: 2000000 | N7: =SUM(I7:M7) -> 2000000 | O7: =IF(N7=B7,"Ok","Nem jó") -> Ok | V7: =I7*0.27 -> 0 | W7: =J7*0.27 -> 0 | X7: =K7*0.27 -> 540000 | Y7: =L7*0.27 -> 0 | Z7: =M7*0.27 -> 0 | AA7: =SUM(V7:Z7) -> 540000 | AB7: =IF(AA7=D7,"OK","Nem jó") -> OK
A8: Hatósági díj | B8: 200000 | D8: =B8*0.27 -> 54000 | E8: =B8 -> 200000 | F8: 0 | G8: =B8 -> 200000 | H8: =F8/B8 -> 0 | K8: 200000 | N8: =SUM(I8:M8) -> 200000 | O8: =IF(N8=B8,"Ok","Nem jó") -> Ok | P8: reg | V8: =I8*0.27 -> 0 | W8: =J8*0.27 -> 0 | X8: =K8*0.27 -> 54000 | Y8: =L8*0.27 -> 0 | Z8: =M8*0.27 -> 0 | AA8: =SUM(V8:Z8) -> 54000 | AB8: =IF(AA8=D8,"OK","Nem jó") -> OK
A9: Projekt megvalósítás | B9: =B10+B12+B15 -> 637171154 | C9: =C10+C12+C15 -> 1.2660324e+08 | D9: =D10+D12+D15 -> 45432972 | E9: =B9 -> 637171154 | F9: =F10+F12+F15 -> 0 | G9: =B9 -> 637171154 | H9: =F9/B9 -> 0 | I9: =I10+I12+I15 -> 0 | J9: =J10+J12+J15 -> 0 | K9: =K10+K12+K15 -> 0 | L9: =L10+L12+L15 -> 59719950 | M9: =M10+M12+M15 -> 577451204 | N9: =SUM(I9:M9) -> 637171154 | O9: =IF(N9=B9,"Ok","Nem jó") -> Ok | Q9: =Q10+Q12+Q15 -> 0 | R9: =R10+R12+R15 -> 0 | S9: =S10+S12+S15 -> 0 | T9: =T10+T12+T15 -> 16124387 | U9: =U10+U12+U15 -> 1.1047885e+08 | V9: =V10+V12+V15 -> 0 | W9: =W10+W12+W15 -> 0 | X9: =X10+X12+X15 -> 0 | ... Z9: =Z10+Z12+Z15 -> 45432972 | AA9: =SUM(V9:Z9) -> 45432972 | AB9: =IF(AA9=D9,"OK","Nem jó") -> OK
A10: Terület előkészítés költsége | B10: =B11 -> 1491000 | C10: =C11 -> 0 | D10: =D11 -> 402570 | E10: =B10 -> 1491000 | F10: =F11 -> 0 | G10: =B10 -> 1491000 | H10: =F10/B10 -> 0 | I10: =I11 -> 0 | J10: =J11 -> 0 | K10: =K11 -> 0 | L10: =L11 -> 0 | M10: =M11 -> 1491000 | N10: =SUM(I10:M10) -> 1491000 | O10: =IF(N10=B10,"Ok","Nem jó") -> Ok | Q10: =Q11 -> 0 | R10: =R11 -> 0 | S10: =S11 -> 0 | T10: =T11 -> 0 | U10: =U11 -> 0 | V10: =V11 -> 0 | W10: =W11 -> 0 | X10: =X11 -> 0 | ... Z10: =Z11 -> 402570 | AA10: =SUM(V10:Z10) -> 402570 | AB10: =IF(AA10=D10,"OK","Nem jó") -> OK
A11: Terület előkészítés költsége | B11: 1491000 | C11: 0 | D11: =B11*0.27 -> 402570 | E11: =B11 -> 1491000 | F11: =C11 -> 0 | G11: =B11 -> 1491000 | H11: =F11/B11 -> 0 | M11: =B11 -> 1491000 | N11: =SUM(I11:M11) -> 1491000 | O11: =IF(N11=B11,"Ok","Nem jó") -> Ok | P11: reg | V11: =I11*0.27 -> 0 | W11: =J11*0.27 -> 0 | X11: =K11*0.27 -> 0 | Y11: =L11*0.27 -> 0 | Z11: =M11*0.27 -> 402570 | AA11: =SUM(V11:Z11) -> 402570 | AB11: =IF(AA11=D11,"OK","Nem jó") -> OK
A12: Építéshez kapcsolódó költségek | B12: =B13+B14 -> 410816404 | C12: =C13+C14 -> 65890027 | D12: =D13+D14 -> 45030402 | E12: =B12 -> 410816404 | F12: =F13+F14 -> 0 | G12: =B12 -> 410816404 | H12: =F12/B12 -> 0 | I12: =I13+I14 -> 0 | J12: =J13+J14 -> 0 | K12: =K13+K14 -> 0 | L12: =L13+L14 -> 0 | M12: =M13+M14 -> 410816404 | N12: =SUM(I12:M12) -> 410816404 | O12: =IF(N12=B12,"Ok","Nem jó") -> Ok | Q12: =Q13+Q14 -> 0 | R12: =R13+R14 -> 0 | S12: =S13+S14 -> 0 | T12: =T13+T14 -> 0 | U12: =U13+U14 -> 65890027 | V12: =V13+V14 -> 0 | W12: =W13+W14 -> 0 | X12: =X13+X14 -> 0 | ... Z12: =Z13+Z14 -> 45030402 | AA12: =SUM(V12:Z12) -> 45030402 | AB12: =IF(AA12=D12,"OK","Nem jó") -> OK
A13: Feltáró utak építése | B13: 166779267 | C13: 0 | D13: =B13*0.27 -> 45030402 | E13: =B13 -> 166779267 | F13: =C13 -> 0 | G13: =B13 -> 166779267 | H13: =F13/B13 -> 0 | M13: =B13 -> 166779267 | N13: =SUM(I13:M13) -> 166779267 | O13: =IF(N13=B13,"Ok","Nem jó") -> Ok | P13: reg | V13: =I13*0.27 -> 0 | W13: =J13*0.27 -> 0 | X13: =K13*0.27 -> 0 | Y13: =L13*0.27 -> 0 | Z13: =M13*0.27 -> 45030402 | AA13: =SUM(V13:Z13) -> 45030402 | AB13: =IF(AA13=D13,"OK","Nem jó") -> OK
A14: Post harvest technológia és hűtőház | B14: 244037137 | C14: =B14*0.27 -> 65890027 | D14: 0 | E14: =B14 -> 244037137 | F14: 0 | G14: =B14 -> 244037137 | H14: =F14/B14 -> 0 | M14: =B14 -> 244037137 | N14: =SUM(I14:M14) -> 244037137 | O14: =IF(N14=B14,"Ok","Nem jó") -> Ok | P14: reg | Q14: =I14*0.27 -> 0 | R14: =J14*0.27 -> 0 | S14: =K14*0.27 -> 0 | T14: =L14*0.27 -> 0 | U14: =M14*0.27 -> 65890027 | AA14: =SUM(V14:Z14) -> 0 | AB14: =IF(AA14=D14,"OK","Nem jó") -> OK
A15: Eszközbeszerzés költségei | B15: =B16 -> 224863750 | C15: =C16 -> 60713213 | D15: =D16 -> 0 | E15: =B15 -> 224863750 | F15: =F16 -> 0 | G15: =B15 -> 224863750 | H15: =F15/B15 -> 0 | I15: =I16 -> 0 | J15: =J16 -> 0 | K15: =K16 -> 0 | L15: =L16 -> 59719950 | M15: =M16 -> 165143800 | N15: =SUM(I15:M15) -> 224863750 | O15: =IF(N15=B15,"Ok","Nem jó") -> Ok | Q15: =Q16 -> 0 | R15: =R16 -> 0 | S15: =S16 -> 0 | T15: =T16 -> 16124387 | U15: =U16 -> 44588826 | V15: =V16 -> 0 | W15: =W16 -> 0 | X15: =X16 -> 0 | ... Z15: =Z16 -> 0 | AA15: =SUM(V15:Z15) -> 0 | AB15: =IF(AA15=D15,"OK","Nem jó") -> OK
A16: Válogató csomagológép | B16: 224863750 | C16: =B16*0.27 -> 60713213 | D16: 0 | E16: =B16 -> 224863750 | F16: 0 | G16: =B16 -> 224863750 | H16: =F16/B16 -> 0 | L16: 59719950 | M16: =G16-L16 -> 165143800 | N16: =SUM(I16:M16) -> 224863750 | O16: =IF(N16=B16,"Ok","Nem jó") -> Ok | P16: reg | Q16: =I16*0.27 -> 0 | R16: =J16*0.27 -> 0 | S16: =K16*0.27 -> 0 | T16: =L16*0.27 -> 16124387 | U16: =M16*0.27 -> 44588826 | AA16: =SUM(V16:Z16) -> 0 | AB16: =IF(AA16=D16,"OK","Nem jó") -> OK
A17: Egységköltség alapon elszámolható költség | B17: =B18+B28 -> 43075361 | C17: =C18+C28 -> 810000 | D17: =D18+D28 -> 5960347.6 | E17: =B17 -> 43075361 | F17: =F18+F28 -> 0 | G17: =B17 -> 43075361 | H17: =F17/B17 -> 0 | I17: =I18+I28 -> 10000000 | J17: =J18+J28 -> 0 | K17: =K18+K28 -> 4500 | L17: =L18+L28 -> 6540860 | M17: =M18+M28 -> 26530001 | N17: =SUM(I17:M17) -> 43075361 | O17: =IF(N17=B17,"Ok","Nem jó") -> Ok | P17: de minimis | Q17: =Q18+Q28 -> 0 | R17: =R18+R28 -> 0 | S17: =S18+S28 -> 0 | T17: =T18+T28 -> 0 | U17: =U18+U28 -> 810000 | V17: =V18+V28 -> 2700000 | W17: =W18+W28 -> 0 | X17: =X18+X28 -> 1215 | ... Z17: =Z18+Z28 -> 3259132.6 | AA17: =SUM(V17:Z17) -> 5960347.6 | AB17: =IF(AA17=D17,"OK","Nem jó") -> OK
A18: Átalányalapú egységköltség | B18: =SUM(B19:B27) -> 43075361 | C18: =SUM(C19:C27) -> 810000 | D18: =SUM(D19:D27) -> 5960347.6 | E18: =B18 -> 43075361 | F18: 0 | G18: =B18 -> 43075361 | H18: =F18/B18 -> 0 | I18: =SUM(I19:I27) -> 10000000 | J18: =SUM(J19:J27) -> 0 | K18: =SUM(K19:K27) -> 4500 | L18: =SUM(L19:L27) -> 6540860 | M18: =SUM(M19:M27) -> 26530001 | N18: =SUM(I18:M18) -> 43075361 | O18: =IF(N18=B18,"Ok","Nem jó") -> Ok | Q18: =SUM(Q19:Q27) -> 0 | R18: =SUM(R19:R27) -> 0 | S18: =SUM(S19:S27) -> 0 | T18: =SUM(T19:T27) -> 0 | U18: =SUM(U19:U27) -> 810000 | V18: =SUM(V19:V27) -> 2700000 | W18: =SUM(W19:W27) -> 0 | X18: =SUM(X19:X27) -> 1215 | ... Z18: =SUM(Z19:Z27) -> 3259132.6 | AA18: =SUM(V18:Z18) -> 5960347.6 | AB18: =IF(AA18=D18,"OK","Nem jó") -> OK
A19: Üzleti terv | B19: 10000000 | D19: =B19*0.27 -> 2700000 | E19: =B19 -> 10000000 | F19: =C19 -> 0 | G19: =B19 -> 10000000 | H19: =F19/B19 -> 0 | I19: 10000000 | N19: =SUM(I19:M19) -> 10000000 | O19: =IF(N19=B19,"Ok","Nem jó") -> Ok | V19: =I19*0.27 -> 2700000 | W19: =J19*0.27 -> 0 | X19: =K19*0.27 -> 0 | Y19: =L19*0.27 -> 0 | Z19: =M19*0.27 -> 0 | AA19: =SUM(V19:Z19) -> 2700000 | AB19: =IF(AA19=D19,"OK","Nem jó") -> OK
A20: Közbeszerzés | B20: 6800000 | D20: 985084 | E20: =B20 -> 6800000 | F20: =C20 -> 0 | G20: =B20 -> 6800000 | H20: =F20/B20 -> 0 | L20: 2292400 | M20: =B20-L20 -> 4507600 | N20: =SUM(I20:M20) -> 6800000 | O20: =IF(N20=B20,"Ok","Nem jó") -> Ok | V20: =I20*0.27 -> 0 | W20: =J20*0.27 -> 0 | X20: =K20*0.27 -> 0 | Z20: 985084 | AA20: =SUM(V20:Z20) -> 985084 | AB20: =IF(AA20=D20,"OK","Nem jó") -> OK
A21: Projektmenedzsment - Nyírbátor | B21: 1009160 | E21: =B21 -> 1009160 | F21: =C21 -> 0 | G21: =B21 -> 1009160 | H21: =F21/B21 -> 0 | L21: 1009160 | M21: =B21-L21 -> 0 | N21: =SUM(I21:M21) -> 1009160 | O21: =IF(N21=B21,"Ok","Nem jó") -> Ok | AA21: =SUM(V21:Z21) -> 0 | AB21: =IF(AA21=D21,"OK","Nem jó") -> OK
A22: Projektmenedzsemtn - SZSZBMÖ | B22: 10600000 | E22: =B22 -> 10600000 | G22: =B22 -> 10600000 | M22: =B22 -> 10600000 | N22: =SUM(I22:M22) -> 10600000 | O22: =IF(N22=B22,"Ok","Nem jó") -> Ok | AA22: =SUM(V22:Z22) -> 0 | AB22: =IF(AA22=D22,"OK","Nem jó") -> OK
A23: Kötelező nyilvánosság | B23: 2777295 | D23: 749870 | E23: =B23 -> 2777295 | F23: =C23 -> 0 | G23: =B23 -> 2777295 | H23: =F23/B23 -> 0 | K23: =5715/1.27 -> 4500 | M23: =B23-K23 -> 2772795 | N23: =SUM(I23:M23) -> 2777295 | O23: =IF(N23=B23,"Ok","Nem jó") -> Ok | V23: =I23*0.27 -> 0 | W23: =J23*0.27 -> 0 | X23: =K23*0.27 -> 1215 | Y23: =L23*0.27 -> 0 | Z23: 748655 | AA23: =SUM(V23:Z23) -> 749870 | AB23: =IF(AA23=D23,"OK","Nem jó") -> OK
A24: Költség.Haszon elemzés | B24: 3149606 | D24: =B24*0.27 -> 850393.62 | E24: =B24 -> 3149606 | F24: =C24 -> 0 | G24: =B24 -> 3149606 | H24: =F24/B24 -> 0 | M24: =B24 -> 3149606 | N24: =SUM(I24:M24) -> 3149606 | O24: =IF(N24=B24,"Ok","Nem jó") -> Ok | V24: =I24*0.27 -> 0 | W24: =J24*0.27 -> 0 | X24: =K24*0.27 -> 0 | Y24: =L24*0.27 -> 0 | Z24: =M24*0.27 -> 850393.62 | AA24: =SUM(V24:Z24) -> 850393.62 | AB24: =IF(AA24=D24,"OK","Nem jó") -> OK
A25: Szakvélemény | B25: 3239300 | E25: =B25 -> 3239300 | F25: =C25 -> 0 | G25: =B25 -> 3239300 | L25: =B25 -> 3239300 | V25: =I25*0.27 -> 0 | W25: =J25*0.27 -> 0 | X25: =K25*0.27 -> 0 | Y25: 0 | Z25: =M25*0.27 -> 0 | AA25: =SUM(V25:Z25) -> 0 | AB25: =IF(AA25=D25,"OK","Nem jó") -> OK
A26: Műszaki ellenőr - út bruttó | B26: 2500000 | D26: =B26*0.27 -> 675000 | E26: =B26 -> 2500000 | F26: =C26 -> 0 | G26: =B26 -> 2500000 | H26: =F26/B26 -> 0 | M26: =B26 -> 2500000 | N26: =SUM(I26:M26) -> 2500000 | O26: =IF(N26=B26,"Ok","Nem jó") -> Ok | V26: =I26*0.27 -> 0 | W26: =J26*0.27 -> 0 | X26: =K26*0.27 -> 0 | Y26: =L26*0.27 -> 0 | Z26: =M26*0.27 -> 675000 | AA26: =SUM(V26:Z26) -> 675000 | AB26: =IF(AA26=D26,"OK","Nem jó") -> OK
A27: Műszaki ellenőr - épület nettó | B27: 3000000 | C27: =B27*0.27 -> 810000 | E27: =B27 -> 3000000 | F27: 0 | G27: =B27 -> 3000000 | H27: =F27/B27 -> 0 | M27: =G27 -> 3000000 | N27: =SUM(I27:M27) -> 3000000 | O27: =IF(N27=B27,"Ok","Nem jó") -> Ok | Q27: =I27*0.27 -> 0 | R27: =J27*0.27 -> 0 | S27: =K27*0.27 -> 0 | T27: =L27*0.27 -> 0 | U27: =M27*0.27 -> 810000 | AA27: =SUM(V27:Z27) -> 0 | AB27: =IF(AA27=D27,"OK","Nem jó") -> OK
A28: Egyösszegű átalány | B28: 0 | E28: =B28 -> 0 | F28: =C28 -> 0 | G28: =B28 -> 0 | H28: =F28/B28 -> #DIV/0! | N28: =SUM(I28:M28) -> 0 | O28: =IF(N28=B28,"Ok","Nem jó") -> Ok | AA28: =SUM(V28:Z28) -> 0 | AB28: =IF(AA28=D28,"OK","Nem jó") -> OK
A29: Részösszeg | B29: =B9+B3+B17 -> 696046515 | C29: =C9+C3+C17 -> 1.2957324e+08 | D29: =D9+D3+D17 -> 53499320 | E29: =E9+E3+E17 -> 696046515 | F29: =F9+F3+F17 -> 0 | G29: =G9+G3+G17 -> 696046515 | H29: =F29/B29 -> 0 | I29: =I9+I3+I17 -> 16100000 | J29: =J9+J3+J17 -> 0 | K29: =K9+K3+K17 -> 5204500 | L29: =L9+L3+L17 -> 70760810 | M29: =M9+M3+M17 -> 603981205 | N29: =SUM(I29:M29) -> 696046515 | O29: =IF(N29=B29,"Ok","Nem jó") -> Ok | Q29: =Q9+Q3+Q17 -> 945000 | R29: =R9+R3+R17 -> 0 | S29: =S9+S3+S17 -> 0 | T29: =T9+T3+T17 -> 17339386 | U29: =U9+U3+U17 -> 1.1128885e+08 | V29: =V9+V3+V17 -> 3402000 | W29: =W9+W3+W17 -> 0 | X29: =X9+X3+X17 -> 1405215 | ... Z29: =Z9+Z3+Z17 -> 48692105 | AA29: =SUM(V29:Z29) -> 53499320 | AB29: =IF(AA29=D29,"OK","Nem jó") -> OK
A30: Áfa | B30: =SUM(B31:B32) -> 0 | F30: =SUM(F31:F32) -> 1.2957324e+08 | G30: =SUM(G31:G32) -> 53499320 | H30: =F30/B30 -> #DIV/0! | I30: =SUM(I31:I32) -> 4347000 | J30: =SUM(J31:J32) -> 0 | K30: =SUM(K31:K32) -> 1405215 | L30: =SUM(L31:L32) -> 17339386 | M30: =SUM(M31:M32) -> 1.5998096e+08 | N30: =SUM(I30:M30) -> 1.8307256e+08 | O30: =IF(N30=B30,"Ok","Nem jó") -> Nem jó | Q30: =SUM(Q31:Q32) -> 0 | R30: =SUM(R31:R32) -> 0 | S30: =SUM(S31:S32) -> 0 | T30: =SUM(T31:T32) -> 0 | U30: =SUM(U31:U32) -> 0 | V30: =SUM(V31:V32) -> 0 | W30: =SUM(W31:W32) -> 0 | X30: =SUM(X31:X32) -> 0 | ... Z30: =SUM(Z31:Z32) -> 0 | AB30: =IF(AA30=D30,"OK","Nem jó") -> OK
A31: Visszaigényelhető | E31: =C29 -> 1.2957324e+08 | F31: =E31 -> 1.2957324e+08 | G31: 0 | H31: =F31/B31 -> #DIV/0! | I31: =Q29 -> 945000 | J31: =R29 -> 0 | K31: =S29 -> 0 | L31: =T29 -> 17339386 | M31: =U29 -> 1.1128885e+08 | N31: =SUM(I31:M31) -> 1.2957324e+08 | O31: =IF(N31=B31,"Ok","Nem jó") -> Nem jó | AB31: =IF(AA31=D31,"OK","Nem jó") -> OK
A32: Vissza nem igényelhető | E32: =D29 -> 53499320 | F32: 0 | G32: =E32 -> 53499320 | H32: =F32/B32 -> #DIV/0! | I32: =V29 -> 3402000 | J32: =W29 -> 0 | K32: =X29 -> 1405215 | L32: =Y29 -> 0 | M32: =Z29 -> 48692105 | N32: =SUM(I32:M32) -> 53499320 | O32: =IF(N32=B32,"Ok","Nem jó") -> Nem jó | AB32: =IF(AA32=D32,"OK","Nem jó") -> OK
A33: Összesen | B33: =B29+B30 -> 696046515 | F33: =F29+F30 -> 1.2957324e+08 | G33: =G29+G30 -> 7.4954583e+08 | H33: =F33/B33 -> 0.18615601 | I33: =I29+I30 -> 20447000 | J33: =J29+J30 -> 0 | K33: =K29+K30 -> 6609715 | L33: =L29+L30 -> 88100196 | M33: =M29+M30 -> 7.6396216e+08 | Q33: =Q29+Q30 -> 945000 | R33: =R29+R30 -> 0 | S33: =S29+S30 -> 0 | T33: =T29+T30 -> 17339386 | U33: =U29+U30 -> 1.1128885e+08 | V33: =V29+V30 -> 3402000 | W33: =W29+W30 -> 0 | X33: =X29+X30 -> 1405215 | ... Z33: =Z29+Z30 -> 48692105 | AB33: =IF(AA33=D33,"OK","Nem jó") -> OK

Sheet Működés
A1: Működési költségek
A2: Megnevezés | B2: FPV | C2: 2022 | D2: 2023 | E2: 2024 | F2: 2025 | G2: 2026 | H2: 2027 | I2: 2028 | J2: 2029 | K2: 2030 | L2: 2031 | M2: 2032 | N2: 2033 | O2: 2034 | P2: 2035 | Q2: 2036
A3: Rezsi költség | B3: =NPV(7.24%,D3:Q3)+C3 -> 20798055 | C3: 0 | D3: 0 | E3: 0 | F3: 0 | G3: 0 | H3: 3960000 | I3: =H3 -> 3960000 | J3: =I3 -> 3960000 | K3: =J3 -> 3960000 | L3: =K3 -> 3960000 | M3: =L3 -> 3960000 | N3: =M3 -> 3960000 | O3: =N3 -> 3960000 | P3: =O3 -> 3960000 | Q3: =P3 -> 3960000
A4: Bérköltség | B4: =NPV(7.24%,D4:Q4)+C4 -> 27100495 | C4: 0 | D4: 0 | E4: 0 | F4: 0 | G4: 0 | H4: =430000*12 -> 5160000 | I4: =H4 -> 5160000 | J4: =I4 -> 5160000 | K4: =J4 -> 5160000 | L4: =K4 -> 5160000 | M4: =L4 -> 5160000 | N4: =M4 -> 5160000 | O4: =N4 -> 5160000 | P4: =O4 -> 5160000 | Q4: =P4 -> 5160000
A5: Karbantartási költségek | B5: =NPV(7.24%,D5:Q5)+C5 -> 2520976.3 | C5: 0 | D5: 0 | E5: 0 | F5: 0 | G5: 0 | H5: 480000 | I5: =H5 -> 480000 | J5: =I5 -> 480000 | K5: =J5 -> 480000 | L5: =K5 -> 480000 | M5: =L5 -> 480000 | N5: =M5 -> 480000 | O5: =N5 -> 480000 | P5: =O5 -> 480000 | Q5: =P5 -> 480000
A6: Post Harvest technológia és Hűtőház összesen | B6: =NPV(7.24%,D6:Q6)+C6 -> 50419526 | C6: =SUM(C3:C5) -> 0 | D6: =SUM(D3:D5) -> 0 | E6: =SUM(E3:E5) -> 0 | F6: =SUM(F3:F5) -> 0 | G6: =SUM(G3:G5) -> 0 | H6: =SUM(H3:H5) -> 9600000 | I6: =SUM(I3:I5) -> 9600000 | J6: =SUM(J3:J5) -> 9600000 | ... Q6: =SUM(Q3:Q5) -> 9600000
A7: Út síkosságmentesítése, takarítása | B7: =NPV(7.24%,D7:Q7)+C7 -> 787805.1 | C7: 0 | D7: 0 | E7: 0 | F7: 0 | G7: 0 | H7: 150000 | I7: 150000 | J7: 150000 | K7: 150000 | L7: 150000 | M7: 150000 | N7: 150000 | O7: 150000 | P7: 150000 | Q7: 150000
A8: Út összesen | B8: =NPV(7.24%,D8:Q8)+C8 -> 787805.1 | C8: =C7 -> 0 | D8: =D7 -> 0 | E8: =E7 -> 0 | F8: =F7 -> 0 | G8: =G7 -> 0 | H8: =H7 -> 150000 | I8: =I7 -> 150000 | J8: =J7 -> 150000 | ... Q8: =Q7 -> 150000
A9: Üzemeltetési és karbantartási költségek összesen | B9: =NPV(7.24%,D9:Q9)+C9 -> 51207331 | C9: =C6+C8 -> 0 | D9: =D6+D8 -> 0 | E9: =E6+E8 -> 0 | F9: =F6+F8 -> 0 | G9: =G6+G8 -> 0 | H9: =H6+H8 -> 9750000 | I9: =I6+I8 -> 9750000 | J9: =J6+J8 -> 9750000 | ... Q9: =Q6+Q8 -> 9750000

Sheet Bevételek
A1: Megnevezés | B1: FPV | C1: 2022 | D1: 2023 | E1: 2024 | F1: 2025 | G1: 2026 | H1: 2027 | I1: 2028 | J1: 2029 | K1: 2030 | L1: 2031 | M1: 2032 | N1: 2033 | O1: 2034 | P1: 2035 | Q1: 2036
A2: Bérleti díj | B2: =NPV(7.24%,D2:Q2)+C2 -> 51207331 | C2: 0 | D2: 0 | E2: 0 | F2: 0 | G2: 0 | H2: =812500*12 -> 9750000 | I2: =812500*12 -> 9750000 | J2: =812500*12 -> 9750000 | K2: =812500*12 -> 9750000 | L2: =812500*12 -> 9750000 | M2: =812500*12 -> 9750000 | N2: =812500*12 -> 9750000 | O2: =812500*12 -> 9750000 | ... Q2: =812500*12 -> 9750000
A3: Összesen | B3: =NPV(7.24%,D3:Q3)+C3 -> 51207331 | C3: 0 | D3: 0 | E3: 0 | F3: 0 | G3: 0 | H3: =H2 -> 9750000 | I3: =I2 -> 9750000 | J3: =J2 -> 9750000 | K3: =K2 -> 9750000 | L3: =L2 -> 9750000 | M3: =M2 -> 9750000 | N3: =N2 -> 9750000 | O3: =O2 -> 9750000 | ... Q3: =Q2 -> 9750000

Sheet Összegzés
A1: Megnevezés | B1: FPV | C1: 2022 | D1: 2023 | E1: 2024 | F1: 2025 | G1: 2026 | H1: 2027 | I1: 2028 | J1: 2029 | K1: 2030 | L1: 2031 | M1: 2032 | N1: 2033 | O1: 2034 | P1: 2035 | Q1: 2036
A2: 1. Beruházási költség | B2: =NPV(7.24%,D2:Q2)+C2 -> 6.7525182e+08 | C2: =Beruházás!I33 -> 20447000 | D2: =Beruházás!J33 -> 0 | E2: =Beruházás!K33 -> 6609715 | F2: =Beruházás!L33 -> 88100196 | G2: =Beruházás!M33 -> 7.6396216e+08 | H2: 0 | I2: 0 | J2: 0 | K2: 0 | L2: 0 | M2: 0 | N2: 0 | O2: 0 | P2: 0 | Q2: 0
A3: 2. Működési költség | B3: =NPV(7.24%,D3:Q3)+C3 -> 51207331 | C3: =C4+C5 -> 0 | D3: =D4+D5 -> 0 | E3: =E4+E5 -> 0 | F3: =F4+F5 -> 0 | G3: =G4+G5 -> 0 | H3: =H4+H5 -> 9750000 | I3: =I4+I5 -> 9750000 | J3: =J4+J5 -> 9750000 | ... Q3: =Q4+Q5 -> 9750000
A4: 2.1. Üzemeltetési és karbantartási költség | B4: =NPV(7.24%,D4:Q4)+C4 -> 51207331 | C4: =Működés!C9 -> 0 | D4: =Működés!D9 -> 0 | E4: =Működés!E9 -> 0 | F4: =Működés!F9 -> 0 | G4: =Működés!G9 -> 0 | H4: =Működés!H9 -> 9750000 | I4: =Működés!I9 -> 9750000 | J4: =Működés!J9 -> 9750000 | ... Q4: =Működés!Q9 -> 9750000
A5: 2.2. Pótlási költség | B5: =NPV(7.24%,D5:Q5)+C5 -> 0 | C5: 0 | D5: 0 | E5: 0 | F5: 0 | G5: 0 | H5: 0 | I5: 0 | J5: 0 | K5: 0 | L5: 0 | M5: 0 | N5: 0 | O5: 0 | P5: 0 | Q5: 0
A6: 3. Maradványérték | B6: =NPV(7.24%,D6:Q6)+C6 -> 0 | C6: 0 | D6: 0 | E6: 0 | F6: 0 | G6: 0 | H6: 0 | I6: 0 | J6: 0 | K6: 0 | L6: 0 | M6: 0 | N6: 0 | O6: 0 | P6: 0 | Q6: 0
A7: 4. Összes költség (1+2+3) | B7: =NPV(7.24%,D7:Q7)+C7 -> 7.2645915e+08 | C7: =C2+C3+C6 -> 20447000 | D7: =D2+D3+D6 -> 0 | E7: =E2+E3+E6 -> 6609715 | F7: =F2+F3+F6 -> 88100196 | G7: =G2+G3+G6 -> 7.6396216e+08 | H7: =H2+H3+H6 -> 9750000 | I7: =I2+I3+I6 -> 9750000 | J7: =J2+J3+J6 -> 9750000 | ... Q7: =Q2+Q3+Q6 -> 9750000
A8: 5. Pénzügyi bevételek | B8: =NPV(7.24%,D8:Q8)+C8 -> 51207331 | C8: =Bevételek!C3 -> 0 | D8: =Bevételek!D3 -> 0 | E8: =Bevételek!E3 -> 0 | F8: =Bevételek!F3 -> 0 | G8: =Bevételek!G3 -> 0 | H8: =Bevételek!H3 -> 9750000 | I8: =Bevételek!I3 -> 9750000 | J8: =Bevételek!J3 -> 9750000 | ... Q8: =Bevételek!Q3 -> 9750000
A9: 6. Nettó cash-flow (5-4) | B9: =NPV(7.24%,D9:Q9)+C9 -> -6.7525182e+08 | C9: =C8-C7 -> -20447000 | D9: =D8-D7 -> 0 | E9: =E8-E7 -> -6609715 | F9: =F8-F7 -> -88100196 | G9: =G8-G7 -> -7.6396216e+08 | H9: =H8-H7 -> 0 | I9: =I8-I7 -> 0 | J9: =J8-J7 -> 0 | ... Q9: =Q8-Q7 -> 0
A10: Belső megtérülési ráta | B10: =IRR(C9:Q9,0.1) -> #NUM!
A14: Beruházási költség Helyi Infrastruktúra fejlesztéssel érintett tételek esetén
A15: Megnevezés | B15: FPV | C15: 2022 | D15: 2023 | E15: 2024 | F15: 2025 | G15: 2026 | H15: 2027 | I15: 2028 | J15: 2029 | K15: 2030 | L15: 2031 | M15: 2032 | N15: 2033 | O15: 2034 | P15: 2035 | Q15: 2036
A16: 1. Beruházási költség | B16: =NPV(7.24%,D16:Q16)+C16 -> 6.3410766e+08 | C16: =Beruházás!I33-Beruházás!I18-Beruházás!Q18-Beruházás!V18 -> 7747000 | D16: =Beruházás!J33-Beruházás!J18-Beruházás!R18-Beruházás!W18 -> 0 | E16: =Beruházás!K33-Beruházás!K18-Beruházás!S18-Beruházás!X18 -> 6604000 | F16: =Beruházás!L33-Beruházás!L18-Beruházás!T18-Beruházás!Y18 -> 81559336 | G16: =Beruházás!M33-Beruházás!M18-Beruházás!U18-Beruházás!Z18 -> 7.3336303e+08 | H16: 0 | I16: 0 | J16: 0 | K16: 0 | L16: 0 | M16: 0 | N16: 0 | O16: 0 | P16: 0 | Q16: 0

Sheet Támogatási összeg 
A1: Bevételtermelés
A2: Megnevezés | B2: Ft
A3: Diszkontált pénzügyi bevétel (a) | B3: =Összegzés!B8 -> 51207331
A4: Diszkontált üzemeltetési és karbantartási költség (b) | B4: =Összegzés!B4 -> 51207331
A5: Diszkontált pótlási költség (C) | B5: =Összegzés!B5 -> 0
A6: Diszkontált nettó működési bevétel (DNOR = a-b-c) | B6: =B3-B4-B5 -> 0
A9: De minimis támogatás | F9: Összegzés:
A10: Megnevezés | B10: % | C10: Ft | G10: Támogatási szabály | H10: Elszámolható költség (Ft) | I10: Támogatási Összeg (Ft)
A11: Elszámolható költség (EC) | C11: =Beruházás!G18+Beruházás!D18 -> 49035709 | F11: 1. Állami támogatás | G11: De minimis támogatás | H11: =C11 -> 49035709 | I11: =C14 -> 49035709
A12: Nem elszámolható költség (NEC) | C12: =Beruházás!C18 -> 810000 | G12: Helyi Infrastruktúra fejlesztéshez nyújtott beruházási támogatás | H12: =C24 -> 7.0051013e+08 | I12: =C26 -> 7.0051013e+08
A13: TOP prioritási tengely támogatási arány | B13: 100 | F13: Összesen | H13: =SUM(H11:H12) -> 7.4954583e+08 | I13: =SUM(I11:I12) -> 7.4954583e+08
A14: TOP támogatási összeg | B14: 100 | C14: =C11 -> 49035709
A15: Prioritási tengelyre vonatkozó maximális társfinanszírozási ráta | B15: 85 | C15: =C14*0.85 -> 41680352
A16: EU hozzájárulás | B16: 15 | C16: =C14*0.15 -> 7355356.3
A17: Kedvezményezett hozzájárulása | C17: =C11-C14+C12 -> 810000
A19: Helyi Infrastruktúra fejlesztéshez nyújtott beruházási támogatás
A20: Megnevezés | B20: % | C20: Ft
A21: Diszkontált beruházási költség (DIC) | C21: =Összegzés!B16 -> 6.3410766e+08
A22: Diszkontált működési eredmény (DNOP) | C22: =B6 -> 0
A23: Társfinanszírozási arány (R=(DIC-DNOP)/DIC) | B23: =(C21-C22)/C21 -> 1
A24: Elszámolható költség (EC) | C24: =Beruházás!G29-Beruházás!G18+Beruházás!D29-Beruházás!D18 -> 7.0051013e+08
A25: Nem elszámolható költség (NEC) | C25: =Beruházás!F29-Beruházás!F18+Beruházás!C29-Beruházás!C18 -> 1.2876324e+08
A26: A támogatás összege (DA=EC*R) | C26: =C24*B23 -> 7.0051013e+08
A27: Kedvezményezett hozzájárulása (=EC-DA+NEC) | C27: =C24-C26+C25 -> 1.2876324e+08

Sheet Pénzügyi Fenntarthatóság
A1: Megnevezés | B1: 2022 | C1: 2023 | D1: 2024 | E1: 2025 | F1: 2026 | G1: 2027 | H1: 2028 | I1: 2029 | J1: 2030 | K1: 2031 | L1: 2032 | M1: 2033 | N1: 2034 | O1: 2035 | P1: 2036
A2: 1. Pénzügyi beruházási költség | B2: =Beruházás!I29+Beruházás!I32 -> 19502000 | C2: =Beruházás!J29+Beruházás!J32 -> 0 | D2: =Beruházás!K29+Beruházás!K32 -> 6609715 | E2: =Beruházás!L29+Beruházás!L32 -> 70760810 | F2: =Beruházás!M29+Beruházás!M32 -> 6.5267331e+08 | G2: =Összegzés!H2 -> 0 | H2: =Összegzés!I2 -> 0 | I2: =Összegzés!J2 -> 0 | J2: =Összegzés!K2 -> 0 | K2: =Összegzés!L2 -> 0 | L2: =Összegzés!M2 -> 0 | M2: =Összegzés!N2 -> 0 | N2: =Összegzés!O2 -> 0 | ... P2: =Összegzés!Q2 -> 0
A3: 2. Pénzügyi működési költség | B3: =Összegzés!C3 -> 0 | C3: =Összegzés!D3 -> 0 | D3: =Összegzés!E3 -> 0 | E3: =Összegzés!F3 -> 0 | F3: =Összegzés!G3 -> 0 | G3: =Összegzés!H3 -> 9750000 | H3: =Összegzés!I3 -> 9750000 | I3: =Összegzés!J3 -> 9750000 | ... P3: =Összegzés!Q3 -> 9750000
A4: 3. Hiteltörlesztés | B4: 0 | C4: 0 | D4: 0 | E4: 0 | F4: 0 | G4: 0 | H4: 0 | I4: 0 | J4: 0 | K4: 0 | L4: 0 | M4: 0 | N4: 0 | O4: 0 | P4: 0
A5: 4. Hitel kamatának törlesztése | B5: 0 | C5: 0 | D5: 0 | E5: 0 | F5: 0 | G5: 0 | H5: 0 | I5: 0 | J5: 0 | K5: 0 | L5: 0 | M5: 0 | N5: 0 | O5: 0 | P5: 0
A6: 5. Egyéb | B6: 0 | C6: 0 | D6: 0 | E6: 0 | F6: 0 | G6: 0 | H6: 0 | I6: 0 | J6: 0 | K6: 0 | L6: 0 | M6: 0 | N6: 0 | O6: 0 | P6: 0
A7: 6. Kiadási pénzáram 1+2+3+4+5 | B7: =B2+B3+B4+B5+B6 -> 19502000 | C7: =C2+C3+C4+C5+C6 -> 0 | D7: =D2+D3+D4+D5+D6 -> 6609715 | E7: =E2+E3+E4+E5+E6 -> 70760810 | F7: =F2+F3+F4+F5+F6 -> 6.5267331e+08 | G7: =G2+G3+G4+G5+G6 -> 9750000 | H7: =H2+H3+H4+H5+H6 -> 9750000 | I7: =I2+I3+I4+I5+I6 -> 9750000 | ... P7: =P2+P3+P4+P5+P6 -> 9750000
A8: 7. Pénzügyi bevétel | B8: =Összegzés!C8 -> 0 | C8: =Összegzés!D8 -> 0 | D8: =Összegzés!E8 -> 0 | E8: =Összegzés!F8 -> 0 | F8: =Összegzés!G8 -> 0 | G8: =Összegzés!H8 -> 9750000 | H8: =Összegzés!I8 -> 9750000 | I8: =Összegzés!J8 -> 9750000 | ... P8: =Összegzés!Q8 -> 9750000
A9: 8. Egyéb bejövő pénzáram | B9: 0 | C9: 0 | D9: 0 | E9: 0 | F9: 0 | G9: 0 | H9: 0 | I9: 0 | J9: 0 | K9: 0 | L9: 0 | M9: 0 | N9: 0 | O9: 0 | P9: 0
A10: 9. EU támogatás | B10: =B2*0.85 -> 16576700 | C10: =C2*0.85 -> 0 | D10: =D2*0.85 -> 5618257.8 | E10: =E2*0.85 -> 60146688 | F10: =F2*0.85 -> 5.5477231e+08 | G10: 0 | H10: 0 | I10: 0 | J10: 0 | K10: 0 | L10: 0 | M10: 0 | N10: 0 | O10: 0 | P10: 0
A11: 10. Nemzeti hozzájárulás (11+12) | B11: =B12+B13 -> 2925300 | C11: =C12+C13 -> 0 | D11: =D12+D13 -> 991457.25 | E11: =E12+E13 -> 10614122 | F11: =F12+F13 -> 97900996 | G11: =G12+G13 -> 0 | H11: =H12+H13 -> 0 | I11: =I12+I13 -> 0 | ... P11: =P12+P13 -> 0
A12: 10.1. Központi költségvetés hozzájárulása | B12: =B2*0.15 -> 2925300 | C12: =C2*0.15 -> 0 | D12: =D2*0.15 -> 991457.25 | E12: =E2*0.15 -> 10614122 | F12: =F2*0.15 -> 97900996 | G12: 0 | H12: 0 | I12: 0 | J12: 0 | K12: 0 | L12: 0 | M12: 0 | N12: 0 | O12: 0 | P12: 0
A13: 10.2. Saját forrás | B13: =B14+B15 -> 0 | C13: =C14+C15 -> 0 | D13: =D14+D15 -> 0 | E13: =E14+E15 -> 0 | F13: =F14+F15 -> 0 | G13: =G14+G15 -> 0 | H13: =H14+H15 -> 0 | I13: =I14+I15 -> 0 | ... P13: =P14+P15 -> 0
A14: 10.2.1. Önerő (készpénz, munkaerő hozzájárulás) | B14: 0 | C14: 0 | D14: 0 | E14: 0 | F14: 0 | G14: 0 | H14: 0 | I14: 0 | J14: 0 | K14: 0 | L14: 0 | M14: 0 | N14: 0 | O14: 0 | P14: 0
A15: 10.2.2. Idegen forrás (15+16) | B15: =B16+B17 -> 0 | C15: =C16+C17 -> 0 | D15: =D16+D17 -> 0 | E15: =E16+E17 -> 0 | F15: =F16+F17 -> 0 | G15: =G16+G17 -> 0 | H15: =H16+H17 -> 0 | I15: =I16+I17 -> 0 | ... P15: =P16+P17 -> 0
A16: 11. Hitel | B16: 0 | C16: 0 | D16: 0 | E16: 0 | F16: 0 | G16: 0 | H16: 0 | I16: 0 | J16: 0 | K16: 0 | L16: 0 | M16: 0 | N16: 0 | O16: 0 | P16: 0
A17: 12. Egyéb idegen forrás | B17: 0 | C17: 0 | D17: 0 | E17: 0 | F17: 0 | G17: 0 | H17: 0 | I17: 0 | J17: 0 | K17: 0 | L17: 0 | M17: 0 | N17: 0 | O17: 0 | P17: 0
A18: 13. Pénzügyi maradványérték[1] | B18: 0 | C18: 0 | D18: 0 | E18: 0 | F18: 0 | G18: 0 | H18: 0 | I18: 0 | J18: 0 | K18: 0 | L18: 0 | M18: 0 | N18: 0 | O18: 0 | P18: 0
A19: 14. Bevételi pénzáram 7+8+9+10 | B19: =B8+B9+B10+B11 -> 19502000 | C19: =C8+C9+C10+C11 -> 0 | D19: =D8+D9+D10+D11 -> 6609715 | E19: =E8+E9+E10+E11 -> 70760810 | F19: =F8+F9+F10+F11 -> 6.5267331e+08 | G19: =G8+G9+G10+G11 -> 9750000 | H19: =H8+H9+H10+H11 -> 9750000 | I19: =I8+I9+I10+I11 -> 9750000 | ... P19: =P8+P9+P10+P11 -> 9750000
A20: 15. Nettó összes pénzügyi pénzáram 18-6 | B20: =B19-B7 -> 0 | C20: =C19-C7 -> 0 | D20: =D19-D7 -> 0 | E20: =E19-E7 -> 0 | F20: =F19-F7 -> 0 | G20: =G19-G7 -> 0 | H20: =H19-H7 -> 0 | I20: =I19-I7 -> 0 | ... P20: =P19-P7 -> 0
A21: 16. Nettó halmozott pénzügyi pénzáram | B21: =B20 -> 0 | C21: =C20+B21 -> 0 | D21: =D20+C21 -> 0 | E21: =E20+D21 -> 0 | F21: =F20+E21 -> 0 | G21: =G20+F21 -> 0 | H21: =H20+G21 -> 0 | I21: =I20+H21 -> 0 | J21: =J20+I21 -> 0 | ... P21: =P20+O21 -> 0

Sheet Munka1
C1: Északi iparterület fejlesztése
B2: Súly | C2: Szöveges értékelés | D2: Pontszám | E2: súlyozott pontszám
