Workbook
Name afa_visszaig: Háttér_listák!$B$129:$B$130
Name áll_tám_i: Háttér_listák!$B$84
Name áll_tám_n: Háttér_listák!$B$85
Name áll_tám_rel: Főoldal!$F$20
Name azon_valaszt: Háttér_listák!$B$9
Name edr: Főoldal!$D$90
Name elozo_valasz: Háttér_listák!$B$77
Name elsz_nem_elsz_ktg: Háttér_listák!$B$125:$B$126
Name eur: Főoldal!$D$79
Name fdr_áll: Főoldal!$D$88
Name fdr_nem_áll: Főoldal!$D$89
Name Felh_azon: Háttér_listák!$B$89:$B$117
Name Felh_cím: Háttér_listák!$C$89:$C$117
Name felh_valaszt: Háttér_listák!$B$42:$B$43
Name felh_valaszt_list: Háttér_listák!$B$47:$B$75
Name gazd_tev: Főoldal!$E$20
Name i_n_list: Háttér_listák!$B$3:$B$5
Name ker_hat: Főoldal!$E$22
Name kiv_tam_jogcim: Főoldal!$C$59:$C$76
Name korny_kar_list: Háttér_listák!$B$178:$B$181
Name köv_valaszoljon: Háttér_listák!$B$78
Name közc_tev: Főoldal!$E$24
Name ktg_sor: Háttér_listák!$B$121:$B$122
Name last_year: Főoldal!$D$86
Name megujulo_energia: Háttér_listák!$B$172:$B$173
Name muk_tam_cs: Működési_input!$C$58
Name ne_valaszoljon: Háttér_listák!$B$79
Name nem_áll_tám: Háttér_listák!#REF!
Name nem_rel: Háttér_listák!$B$143
Name null_data: Háttér_listák!#REF!
Name oke: Háttér_listák!$B$82
Name op_start: Főoldal!$D$83
Name penz_fennt__i: Háttér_listák!$C$146
Name penz_fennt_n: Háttér_listák!$C$147
Name pü_bev_nem_áll: Működési_input!$D$11:$AG$11
Name pü_egyéb_pá_nem_áll: Működési_input!$D$13:$AG$13
Name pü_OM_nem_áll: Működési_input!$D$27:$AG$27
Name pü_önerő_nem_áll: Működési_input!$D$48:$AG$52
Name pü_pótl_nem_áll: Működési_input!$D$28:$AG$28
Name reg_tam_arany_onkorm: Háttér_listák!$D$19:$D$38
Name start_year: Főoldal!$D$81
Name Szerv_form: Háttér_listák!$B$13:$B$16
Name Tam_jogcim: Háttér_listák!$B$155:$B$167
Name torolje: Háttér_listák!$B$80
Name valaszoljon: Háttér_listák!$B$81
Name Varmegye: Háttér_listák!$B$19:$B$38

Sheet Háttér_listák
B2: i_n_list
B3: igen
B4: nem
B8: azon_valaszt
B9: Kérjük válassza ki a pályázati felhívás azonosítóját!
B12: Szerv_form
B13: önkormányzat
B14: kisvállalkozás
B15: középvállalkozás
B16: nagyvállalkozás
B18: Varmegye | D18: önkormányzat | E18: kisvállalkozás | F18: középvállalkozás | G18: nagyvállalkozás
B19: Borsod-Abaúj-Zemplén vármegye | C19: Észak-Magyarország | D19: 0.6 | E19: 0.8 | F19: 0.7 | G19: 0.6
B20: Heves vármegye | C20: Észak-Magyarország | D20: 0.6 | E20: 0.8 | F20: 0.7 | G20: 0.6
B21: Nógrád vármegye | C21: Észak-Magyarország | D21: 0.5 | E21: 0.7 | F21: 0.6 | G21: 0.5
B22: Hajdú-Bihar vármegye | C22: Észak-Alföld | D22: 0.5 | E22: 0.7 | F22: 0.6 | G22: 0.5
B23: Jász-Nagykun-Szolnok vármegye | C23: Észak-Alföld | D23: 0.5 | E23: 0.7 | F23: 0.6 | G23: 0.5
B24: Szabolcs-Szatmár-Bereg vármegye | C24: Észak-Alföld | D24: 0.5 | E24: 0.7 | F24: 0.6 | G24: 0.5
B25: Bács-Kiskun vármegye | C25: Dél-Alföld | D25: 0.5 | E25: 0.7 | F25: 0.6 | G25: 0.5
B26: Békés vármegye | C26: Dél-Alföld | D26: 0.5 | E26: 0.7 | F26: 0.6 | G26: 0.5
B27: Csongrád-Csanád vármegye | C27: Dél-Alföld | D27: 0.5 | E27: 0.7 | F27: 0.6 | G27: 0.5
B28: Pest vármegye | C28: Pest | D28: 0.5 | E28: 0.7 | F28: 0.6 | G28: 0.5
B29: Budapest | C29: Budapest | D29: 0 | E29: 0.2 | F29: 0.1 | G29: 0
B30: Fejér vármegye | C30: Közép-Dunántúl | D30: 0.3 | E30: 0.5 | F30: 0.4 | G30: 0.3
... B38: Tolna vármegye | C38: Dél-Dunántúl | D38: 0.5 | E38: 0.7 | F38: 0.6 | G38: 0.5
B41: felh_valaszt
B42: felhívás azonosítója alapján | C42: 1
B43: felhívás címe alapján | C43: 2
B44: =INDEX($C$42:$C$43,MATCH(Főoldal!$C$11,felh_valaszt,0)) -> 1
B46: felh_valaszt_list | D46: Állami támogatási relevancia 1= lehet áll. Tám. 0= nem lehet áll. Tám.
B47: {=IFERROR(IF($B$44=C42,Felh_azon,Felh_cím),"")} -> TOP_PLUSZ-1.3.2-23 | C47: {=IFERROR(IF($B$44=$C$42,Felh_cím,Felh_azon),"")} -> Fenntartható városfejlesztés | D47: 1
B48: TOP_PLUSZ-2.1.2-21 | C48: Fenntartható energiahatékonyság | D48: 1
B49: TOP_PLUSZ-3.1.3-23 | C49: Helyi humán fejlesztések | D49: 0
B50: TOP_PLUSZ-3.2.1-23 | C50: Fenntartható humán fejlesztések | D50: 0
B51: TOP_PLUSZ-3.3.3-23 | C51: Köznevelési infrastruktúra fejlesztése | D51: 0
B52: TOP_PLUSZ-3.4.1-23 | C52: Fenntartható humán infrastruktúra | D52: 0
B53: TOP_PLUSZ-4.1.2-23 | C53: BRINGASZTRÁDA PROGRAM | D53: 1
B54: TOP_PLUSZ-4.1.3-23 | C54: Komplex klímaadaptációs és közterület-megújítási program | D54: 1
B55: TOP_PLUSZ-6.1.4-23 | C55: Aktív turizmus fejlesztése | D55: 1
B56: TOP_PLUSZ-6.2.1-23 | C56: Fenntartható versenyképes városfejlesztés | D56: 1
B57: TOP_Plusz-4.2.2-25 | C57: Az energiaszegénység enyhítése szilárd tüzelésű háztartások átállításával fővárosi pilot projekt keretében | D57: 1
B58: TOP_Plusz-1.1.1-25 | C58: Klímatudatosság, éghajlatváltozáshoz való alkalmazkodás | D58: 0
B59: TOP_Plusz-4.2.1-25 | C59: Lakásügynökség - önkormányzati lakásállomány felújítása és bővítése | D59: 1
... B75: TOP_Plusz-6.1.3-21 | C75: Helyi és térségi turizmusfejlesztés | D75: 1
B77: Kérjük válaszoljon az előző kérdésre!
B78: Kérjük válaszoljon a következő kérdésekre!
B79: Kérjük NE válaszoljon a következő kérdésekre! A mezőket hagyja üresen!
B80: Kérjük törölje a válaszát!
B81: Kérjük válaszoljon a kérdésre!
B82: A kitöltés megfelelő!
B84: A projekt keretében állami támogatásra is jogosult. Az igénybe vehető állami támogatások az alábbiakban látható.
B85: A projekt nem tartozik az állami támogatási szabályok alá.
B88: Felh_azon | C88: Felh_cím | D88: Állami_tám_kód
B89: TOP_PLUSZ-1.3.2-23 | C89: Fenntartható városfejlesztés | D89: Fennt_városfejl
B90: TOP_PLUSZ-2.1.2-21 | C90: Fenntartható energiahatékonyság | D90: Fennt_ehat
B91: TOP_PLUSZ-3.1.3-23 | C91: Helyi humán fejlesztések | D91: Helyi_hum_fejl
B92: TOP_PLUSZ-3.2.1-23 | C92: Fenntartható humán fejlesztések | D92: Fennt_hum_fejl
B93: TOP_PLUSZ-3.3.3-23 | C93: Köznevelési infrastruktúra fejlesztése | D93: Közn_infra_fejl
B94: TOP_PLUSZ-3.4.1-23 | C94: Fenntartható humán infrastruktúra | D94: Fennt_hum_infra
B95: TOP_PLUSZ-4.1.2-23 | C95: BRINGASZTRÁDA PROGRAM | D95: BRINGASZTR_PR
B96: TOP_PLUSZ-4.1.3-23 | C96: Komplex klímaadaptációs és közterület-megújítási program | D96: Komplex_klíma_pr
B97: TOP_PLUSZ-6.1.4-23 | C97: Aktív turizmus fejlesztése | D97: Aktív_tur_fejl
B98: TOP_PLUSZ-6.2.1-23 | C98: Fenntartható versenyképes városfejlesztés | D98: Fennt_versenyk_városfejl
B99: TOP_Plusz-4.2.2-25 | C99: Az energiaszegénység enyhítése szilárd tüzelésű háztartások átállításával fővárosi pilot projekt keretében | D99: E_szeg
... B106: TOP_Plusz-5.1.5-25 | C106: Komplex támogatás a szolgáltatások összekapcsolásával | D106: Komplex
B107: TOP_Plusz-4.1.1-23 | C107: Egészséges utcák program
B108: TOP_Plusz-1.2.1-21 | C108: Élhető települések
B109: TOP_Plusz-1.2.2-21 | C109: Szociális célú városrehabilitáció (ERFA)
B110: TOP_Plusz-1.2.3-21 | C110: Belterületi utak fejlesztése
B111: TOP_Plusz-2.1.1-21 | C111: Önkormányzati épületek energetikai korszerűsítése
B112: TOP_Plusz-3.1.2-21 | C112: Szociális célú város rehabilitáció (ESZA+)
B113: TOP_Plusz-3.3.1-21 | C113: Gyermeknevelést támogató humán infrastruktúra fejlesztése
B114: TOP_Plusz-3.3.2-21 | C114: Helyi egészségügyi és szociális infrastruktúra fejlesztése
B115: TOP_Plusz-6.1.1-21 | C115: Helyi gazdaságfejlesztés
B116: TOP_Plusz-6.1.2-21 | C116: 4–5 számjegyű utak fejlesztése
B117: TOP_Plusz-6.1.3-21 | C117: Helyi és térségi turizmusfejlesztés
B120: ktg_sor
B121: Fősor
B122: Alsor
B124: elsz_nem_elsz_ktg
B125: Elszámolható költség
B126: Nem elszámolható költség
B128: afa_visszaig
B129: ÁFA visszaigénylő
B130: Nem ÁFA visszaigénylő
B133: Az ütemezés megfelelő!
B134: Az ütemezés nem megfelelő, kérjük javítsa!
B137: Vizsg_tav
B138: =IF(B139<=last_year,1,0) -> 1 | C138: =IF(C139<=last_year,1,0) -> 1 | D138: =IF(D139<=last_year,1,0) -> 1 | E138: =IF(E139<=last_year,1,0) -> 1 | F138: =IF(F139<=last_year,1,0) -> 1 | G138: =IF(G139<=last_year,1,0) -> 1 | H138: =IF(H139<=last_year,1,0) -> 1 | I138: =IF(I139<=last_year,1,0) -> 1 | ... AF138: =IF(AF139<=last_year,1,0) -> 0
B139: =start_year -> 2025 | C139: =B139+1 -> 2026 | D139: =C139+1 -> 2027 | E139: =D139+1 -> 2028 | F139: =E139+1 -> 2029 | G139: =F139+1 -> 2030 | H139: =G139+1 -> 2031 | I139: =H139+1 -> 2032 | J139: =I139+1 -> 2033 | ... AF139: =AE139+1 -> 2055
B142: nem_rel
B143: nem releváns
B146: penz_fennt__i | C146: Pénzügyi fenntarthatóság biztosított. Nincs szükség működési többletforrásra, ennek mértéke a következő táblázatban 0.
B147: penz_fennt_n | C147: Pénzügyi fenntarthatóság nem biztosított. Működési többletforrásra van szükség, melynek mértéke a következő táblázatban látható.
B150: EU társfinanszírozás aránya | C150: 0.83
B151: Hazai társfinanszírozás aránya | C151: =1-C150 -> 0.17
B154: Tam_jogcim
B155: Nem állami támogatás
B156: Csekély összegű támogatás
B157: Személyszállítási közszolgáltatásért járó ellentételezés
B158: Helyi infrastruktúra fejlesztéséhez nyújtott beruházási támogatás
...

Sheet Ábra
H3: Gazdasági tevékenységet végez?
H5: Nem | L5: Igen
N7: Kereskedelemre hatással van?
L9: Nem | N9: Igen
N11: Folytat nem állami támogatás alá eső tevékenységet is?
J13: Igen | N13: Nem
H15: Nem állami támogatás a projekt vagy része | N15: Állami támogatás a projekt vagy része
H18: Nettó működési bevétel keletkezik? | N18: Nettó működési bevételt figyelembe veszi a támogatási szabály?
F20: Nem | H20: Igen | L20: Nem | P20: Igen
H22: A közcélra vonatkozó működési támogatás mértékét csökkenti a nettó bevétel összegével? | P22: Nettó működési bevétel keletkezik?
H24: Igen | J24: Nem | N24: Nem | P24: Igen
F26: PF szerinti maximális támogatási arány | H26: PF szerinti maximális támogatási arány | J26: Finanszírozási hiány ráta számítás | L26: PF, illetve támogatási szabály szerinti maximális támogatási arány | N26: PF, illetve támogatási szabály szerinti maximális támogatási arány | P26: Nettó működési bevétel levonásával, releváns szabály szerint
D33: A megfelelő támogatási szabályt számoló munkalapra mutató hivatkozás | F33: nem_áll_egyszerű!A1 | H33: nem_áll_egyszerű!A1 | J33: nem_áll_fin_hiány!A1 | L33: áll_tám_egyszerű!A1 | N33: áll_tám_egyszerű!A1 | P33: áll_tám_műk_eredmény!A1
H38: Nem állami támogatás a projekt vagy része | N38: Állami támogatás a projekt vagy része
F40: Nem állami támogatás, nettó működési bevétel nem keletkezik | H40: Nem állami támogatás, nettó működési bevétel keletkezik, amivel csökkentik a működési támogatást | J40: Nem állami támogatás, nettó működési bevétel keletkezik, amivel nem csökkentik a működési támogatást | L40: Állami támogatás, nettó működési bevételt nem veszi figyelembe a támogatási szabály | N40: Állami támogatás, nettó működési bevételt figyelembe veszi a támogatási szabály, nettó működési bevétel nem keletkezik | P40: Állami támogatás, nettó működési bevételt figyelembe veszi a támogatási szabály, nettó működési bevétel keletkezik
F42: PF szerinti maximális támogatási arány | H42: PF szerinti maximális támogatási arány | J42: Finanszírozási hiány ráta számítás | L42: PF, illetve támogatási szabály szerinti maximális támogatási arány | N42: PF, illetve támogatási szabály szerinti maximális támogatási arány | P42: Nettó működési bevétel levonásával, releváns szabály szerint
D44: Támogatás szükségességének alátámasztása | F44: Nem szükséges | H44: Nem szükséges | J44: Igen, finanszírozási hiány ráta számítással | L44: A támogatási arány számításának módjától függ | N44: A támogatási arány számításának módjától függ | P44: Szükséges
D46: Pénzügyi teljesítménymutatók meghatározása | F46: Nem szükséges | H46: Pénzáramok becslése szükséges | J46: Szükséges | L46: Szükséges, egyszerűsített pénzáramok alapján | N46: Szükséges, egyszerűsített pénzáramok alapján | P46: Szükséges
D48: Pénzügyi fenntarthatóság alátámasztása | F48: Szükséges, pénzáramok becslése nagyvonalú | H48: Szükséges, pénzáramok becslése nagyvonalú | J48: Szükséges, részletes | L48: Szükséges, pénzáramok becslése nagyvonalú | N48: Szükséges, pénzáramok becslése nagyvonalú | P48: Szükséges, részletes

Sheet Főoldal
B2: Kitöltési útmutató | C2: A kitöltés során kizárólag a kék háttérrel jelölt cellákba szükséges adatokat megadni, a zöld betűszínű cellák magyarázatként szolgálnak. Ezek a mezők tartalmazzák a felhasználó által megadandó inputokat. Amennyiben egy ilyen cella mellett „Ellenőrzés” vagy egyéb megjegyzés szerepel, az ott található kiegészítő információt minden esetben el kell olvasni és figyelembe kell venni a kitöltés során, mivel az értelmezést, érvényességet vagy követelményeket pontosítja. Az adatokat minden esetben az adott felhívás tartalmi és formai követelményeinek megfelelően, a konkrét projekt sajátosságait figyelembe véve kell megadni. Az információk kitöltése során különösen fontos a koherencia és az adatok konzisztenciája a projekt más dokumentumaival. A beruházási és működési költségek megadására külön munkalapok szolgálnak, ezek egymástól elkülönítetten, de egységes logika mentén kerültek kialakításra. Ezeken a lapokon szükséges részletezni minden olyan költségelemet, amely a projekt pénzügyi elemzése szempontjából releváns.A számításokat a Háttér munkalapon lehet részletezni. A támogatás számításának módszertanát az „Ábra” elnevezésű munkalap szemlélteti. Ennek alapján kerültek kialakításra minta munkalapok, melyek közül a megfelelő lap(ok) kitöltése kötelező a pénzügyi számítások végrehajtásához. Ez biztosítja, hogy az alkalmazott logika átlátható és a számítási mód ellenőrizhető legyen. Amennyiben a projekt több támogatási jogcímet is érint, minden egyes releváns jogcím esetében külön-külön el kell végezni a vonatkozó pénzügyi számításokat. A beruházási költségek támogatási jogcímekre történő szétosztásakor a járulékos költségeket arányosan szét kell osztani az egyes projektelemekre. Ilyen esetben a „Pénzügyi elemzés” munkalapon ezen részszámítások összesítésével egy konszolidált, a teljes projektre vonatkozó elemzést is szükséges elkészíteni. A közgazdasági elemzést - amennyiben szükséges - minden esetben projekt szinten kell elvégezni. Ennek során a kapcsolódó munkalapon a szükséges bemeneti adatokat kell megadni, amelyek alapján a társadalmi hasznosság és gazdasági indokoltság értékelhetővé válik. Végezetül, a munkafüzet tartalmaz egy külön munkalapot, amely az érzékenységvizsgálat, a küszöbérték-számítás, valamint a forgatókönyv-elemzés kereteit mutatja be. Minden esetben a releváns háttérszámításokat az erre kijelölt üres munkalapon kell bemutatni, hogy a megadott adatok ellenőrizhetők, nyomonkövethetők legyenek.
F3: Ellenőrzés
B4: A projekt címe | C4: Teszt | F4: =IF(C4="",valaszoljon,"")
B6: Pályázó neve | C6: Teszt Város | F6: =IF(C6="",valaszoljon,"")
B8: Pályázó szervezeti formája (önkormányzat, kisvállalkozás, középvállalkozás, nagyvállalkozás) | C8: kisvállalkozás | F8: =IF(C8="",valaszoljon,"")
B9: Pályázó székhelye vármegye szerint | C9: Komárom-Esztergom vármegye | F9: =IF(C9="",valaszoljon,"")
B11: Felhívás kiválasztása | C11: felhívás azonosítója alapján | F11: =IF(C11="",valaszoljon,"")
B13: =IF($C$11=Háttér_listák!$B$42,"Felhívás azonosítója","Felhívás címe") -> Felhívás azonosítója | C13: TOP_PLUSZ-1.3.2-23
B14: =IF($C$11=Háttér_listák!$B$42,"Felhívás címe","Felhívás azonosítója") -> Felhívás címe | C14: =IFERROR(INDEX(_xlfn.ANCHORARRAY(Háttér_listák!$C$47),MATCH(Főoldal!$C$13,felh_valaszt_list,0)),"HIBÁS KITÖLTÉS") -> Fenntartható városfejlesztés
B15: Az elszámolható költségek nem visszaigényelhető áfa-tartalma a projekt kiírás alapján elszámolható költség, vagy nem? | C15: igen
C17: =IFERROR(IF(C13="","",IF(INDEX(Háttér_listák!$D$47:$D$75,MATCH(Főoldal!$C$13,felh_valaszt_list,0))=1,köv_valaszoljon,ne_valaszoljon)),"") -> Kérjük válaszoljon a következő kérdésekre!
B19: Kérdés | C19: Magyarázat | D19: Értékelés | E19: Válasz | F19: Ellenőrzés | G19: Szöveges indoklás
B20: 1. A kedvezményezett (az épület üzemeltetője/ fenntartója/ tulajdonosa) gazdasági tevékenységet végez-e, azaz vállalkozásnak minősül-e? A projekt keretében megtermelt energia harmadik fél részére történő értékesítése is gazdasági tevékenységnek minősül! | C20: Kérjük válasszon a legördülő listában felkínált válaszok (igen/ nem) közül az alábbi útmutatás alapján. Kérjük válaszát indokolja! Gazdasági és a nem gazdasági tevékenységek közötti különbségtétel: Az Európai Bíróság következetes ítélkezési gyakorlata szerint - bármely tevékenység, amelynek keretében valamely piacon árukat és szolgáltatásokat kínálnak, gazdasági tevékenységnek minősül. Az a jogalany, amely egyszerre végez gazdasági és nem gazdasági tevékenységet, csak az előbbi tekintetében minősül vállalkozásnak. Az alábbi szolgáltatások jellemzően nem gazdasági tevékenységek, azonban gazdasági tevékenységnek is minősülhetnek. Mivel ezekben az esetekben nehezebb a különbségtétel, ezért a Bizottsági közlemény az Európai Unió működéséről szóló szerződés 107. cikkének (1) bekezdésében említett állami támogatás fogalmáról C/2016/2946 útmutatást ad a besorolásra. Ennek kivonatát tartalmazza az alábbi kimutatás, részletesebb elemzésért kérjük tanulmányozza a Bizottsági közleményt! Közhatalom gyakorlása, pl. rendőrség, polgárőrség, közterületfelügyelet: amennyiben egy közjogi jogalany olyan gazdasági tevékenységet folytat, amelyet el lehet választani a közhatalmi jogosítványainak gyakorlásától, e jogalany az említett tevékenységgel kapcsolatban vállalkozásként jár el. Szociális biztonság, pl. szociális intézmények, bölcsőde: jellemzően nem tekinthető gazdasági tevékenységnek, amennyiben a szolidaritás elvére épül. Ha ennek a rendszernek a jellemzői érvényesülnek jellemzően, akkor nem gazdasági tevékenység: • kötelező a tagság, kizárólag szociális célokat követ, nonprofit alapon működik, az ellátások függetlenek a befizetett járulékoktól, az ellátások nem szükségszerűen arányosak a biztosított személy bevételeivel, a rendszert az állam/ önkormányzat felügyeli. A gazdasági tevékenység végzésének jellemző elemei: • választható tagság, tőkefedezeti elv, nyereségszerzésre törekvés, kiegészítő jogosultságok nyújtása. Néhány rendszer mindkét kategória egyes jellemzőit magában foglalja. Ilyen esetekben elemezni kell a különböző elemeket és azok jelentőségét. Egészségügyi ellátás, pl. kórház, szakrendelő: ha majdnem teljes egészében a szolidaritás elvére épül (társadalombiztosítási járulékból vagy egyéb állami forrásból finanszírozzák, szolgáltatásaikat a rendszer minden tagja számára térítésmentesen biztosítják), nem minősül vállalkozásnak. Amennyiben az egészségügyi szolgáltató a szolgáltatásait díjazás ellenében nyújtja, amelyet közvetlenül a beteg vagy annak biztosítója fizet, akkor gazdasági tevékenységnek minősül. Oktatási és kutatási tevékenység, óvodák, magán és állami iskolák, szakképzés, egyetemi oktatás: az állam által finanszírozott és felügyelt nemzeti oktatási rendszer keretében megszervezett közoktatás nem gazdasági tevékenység. A befizetett hozzájárulások (beiratkozási díj, esetleg tandíj) a szolgáltatás valódi költségének csupán töredékét fedezi. Gazdasági tevékenységnek minősül az az oktatási tevékenység, amelyet elsősorban a szülők vagy tanulók befizetéseiből, vagy üzleti bevételekből finanszíroznak. Kultúra, kulturális örökség megőrzése, természetvédelem, pl. múzeumok, levéltárak, könyvtárak, művészeti és kulturális központok vagy terek, színházak, operaházak, koncerttermek, régészeti lelőhelyek, műemlékek, történelmi helyszínek és épületek, hagyományok és mesterségek, fesztiválok és kiállítások, valamint kulturális és művészeti oktatási tevékenységek, természeti örökség (biológiai sokféleség, természetes élőhelyek, fajok megőrzése) védelme: A nagyközönség számára térítésmentesen, vagy a valódi költségek csupán töredését fedező pénzügyi hozzájárulás ellenében hozzáférhető tevékenység nem gazdasági jellegű. Ezzel ellentétben az elsősorban látogatók által vagy belépődíjakból vagy más kereskedelmi eszközökkel finanszírozott tevékenységeket gazdasági jellegűnek kell minősíteni. Ehhez hasonlóan az olyan tevékenységeket, amelyek kizárólag bizonyos vállalkozásokat juttatnak előnyhöz rendszerint gazdasági jellegűnek kell minősíteni. A Felhívás keretében támogatható tevékenységek finanszírozása a támogatást igénylő szintjén abban az esetben nem minősül az EUMSZ 107. cikk (1) bekezdése szerinti állami támogatásnak,amennyiben a támogatott tevékenység nem gazdasági tevékenységre használt infrastruktúra ún. szokásos létesítményeihez kapcsolódik (ilyen szokásos létesítmény például egy múzeum büféje, ha a múzeum tevékenysége nem minősül gazdasági tevékenységnek). Olyan esetekben, amelyekben egy jogalany kulturális vagy a kulturális örökség megőrzéséhez kapcsolódó olyan tevékenységeket végez, amelyek némelyike nem gazdasági tevékenység, némelyike pedig gazdasági tevékenység, a jogalany által kapott állami finanszírozás csak annyiban tartozik az állami támogatási szabályok hatálya alá, amennyiben az a gazdasági tevékenységekhez kapcsolódó költségeket fedezi. Az épületenergetikai felhívás szempontjából releváns lehet, hogy a projekt keretében megtermelt energia harmadik fél részére értékesítésre kerül. Amennyiben ez így lesz, a termelt energia értékesítése lesz maga a gazdasági tevékenység. Az elnyert projekt keretében megtermelt villamos energia hálózatra történő csatlakozása és a bruttó elszámolás alkalmazása nem minősül gazdasági tevékenységnek. | D20: Amennyiben tevékenysége jellemzően nem gazdasági tevékenységnek minősül, a "nem" válasz elfogadható. Ebben az esetben a támogatás nem minősül állami támogatásnak. Amennyiben részben vagy egészben gazdasági tevékenységnek minősül, az "igen" választ kell megadni. | E20: igen | F20: =IF(AND(C17=köv_valaszoljon,gazd_tev<>""),oke,IF(AND(C17=köv_valaszoljon,gazd_tev=""),valaszoljon,IF(AND(C17=ne_valaszoljon,gazd_tev<>""),torolje,oke))) -> A kitöltés megfelelő!
B22: 2. Az üzemeltető vagy tulajdonos által létrehozott termék vagy szolgáltatás - hatással van-e a tagállamok közötti kereskedelemre, ÉS - versenyez más termékekkel vagy szolgáltatásokkal a piacon? | C22: Kérjük válasszon a legördülő listában felkínált válaszok (igen/ nem) közül az alábbi útmutatás alapján. Kérjük válaszát indokolja! Az Európai Unió működéséről szóló szerződés (a továbbiakban EUMSZ) 107. cikkének (1) bekezdése kimondja: ha a Szerződések másként nem rendelkeznek, a belső piaccal összeegyeztethetetlen a tagállamok által vagy állami forrásból bármilyen formában nyújtott olyan támogatás, amely bizonyos vállalkozásoknak vagy bizonyos áruk termelésének előnyben részesítése által torzítja a versenyt, vagy azzal fenyeget, amennyiben ez érinti a tagállamok közötti kereskedelmet. Kereskedelemre gyakorolt hatás megítélése a Bizottsági közlemény alapján: Támogatási programok esetében általában elegendő megvizsgálni az adott program jellemzőit. Példa a kereskedelemre gyakorolt hatásra, hogy a támogatás a helyi kínálat fenntartása vagy növelése révén megnehezítheti a piacra lépést más tagállamok szolgáltatói számára, vagy látogatókat vonz el más tagállamok hasonló intézményeitől, programjaitól. Kevésbé kell azonban ilyen hatásra számítani, ha a gazdasági tevékenység mértéke igen csekély, amit például a rendkívül alacsony forgalom is tanúsíthat. A Bizottság számos határozatában ítélte meg úgy, hogy – tekintettel az ügyek sajátos körülményeire –, az intézkedés tisztán helyi hatással bírt és ezért nem gyakorolt hatást a tagállamok közötti kereskedelemre. Az említett ügyekben a Bizottság különösen arról bizonyosodott meg, hogy a kedvezményezett az adott tagállamon belül korlátozott területre kiterjedően értékesített termékeket, illetve nyújtott szolgáltatásokat, és más tagállamokból valószínűleg nem vonzott vevőket, továbbá, hogy az intézkedésnek előreláthatóan nem volt a marginálist meghaladó hatása a határokon átnyúló beruházások vagy letelepedés feltételeire. A külföldi látogatók aránya alapján a kereskedelemre való hatás értékelhető. Amennyiben a külföldi látogatók részaránya marginális, 1,5-2% alatti, akkor úgy tekinthető, hogy nem gyakorol hatást a kereskedelemre, így nem tartozik az állami támogatások hatálya alá. A szöveges indoklásban írja le, hogy hogyan állapította meg a külföldi vendégek részarányát. Figyelem! A kereskedelemre való hatást a fenntartási időszak végén is igazolni kell! Amennyiben a külföldi látogatószám alapján a kereskedelemre mégis hatással volt, úgy életbe lép a támogatás visszakövetelési mechanizmus. Versenyre gyakorolt hatás megítélése a Bizottsági közlemény alapján: Gyakorlati szempontból általában akkor áll fenn a Szerződés 107. cikkének (1) bekezdése szerinti versenytorzulás, amikor az állam pénzügyi előnyt biztosít egy olyan liberalizált ágazat valamely vállalkozásának, ahol verseny zajlik vagy verseny alakulhatna ki. | D22: Ha a kereskedelemre ÉS a versenyre is hatást gyakorol, akkor a kérdésre "igen" a válasz, és ekkor állami támogatásnak minősül. Ha valamelyik kérdésre nem gyakorol hatást, akkor "nem" a válasz, és ekkor nem minősül állami támogatásnak. | E22: igen | F22: =IF(áll_tám_rel=oke,IF(AND(C17=ne_valaszoljon,ker_hat<>""),torolje,IF(AND(C17=köv_valaszoljon,gazd_tev="nem",ker_hat=""),oke,IF(AND(C17=köv_valaszoljon,gazd_tev="nem",ker_hat<>""),torolje,IF(AND(C17=köv_valaszoljon,gazd_tev="igen",ker_hat=""),valaszoljon,oke)))),elozo_valasz) -> A kitöltés megfelelő!
B24: 3. Kérjük adja meg, végez-e nem állami támogatás alá eső tevékenységet (pl. közcélú tevékenységet)! | C24: Kérjük válasszon a legördülő listában felkínált válaszok (igen/ nem) közül. Válaszát indokolja! Például: fürdők esetén közcélúnak tekinthető az önkormányzattal kötött közszolgáltatási szerződés keretében végzett tevékenység. Gyógyfürdők esetén közcélú tevékenységnek tekinthető a Nemzeti Egészségbiztosítási Alapkezelővel (a továbbiakban NEAK) által finanszírozott egészségügyi szolgáltatás, a NEAK által kötött szerződés alapján. Amennyiben egyéb közcélú tevékenységet is végzett, kérjük támassza alá a közcél jelleget. Egyéb esetekben a nem gazdasági tevékenység tekinthető közcélú tevékenységnek. | D24: "Igen" válasz esetén, azaz amikor közcélú és nem közcélú tevékenységet is végez, az Állami támogatás, mind a Nem állami támogatás szabályai érvényesülnek! "Nem" válasz esetén csak az Állami támogatás szabályai érvényesek. | E24: igen | F24: =IF(F22=oke,IF(AND(C17=ne_valaszoljon,közc_tev<>""),torolje,IF(AND(C17=köv_valaszoljon,ker_hat="nem",közc_tev=""),oke,IF(AND(C17=köv_valaszoljon,ker_hat="nem",közc_tev<>""),torolje,IF(AND(C17=köv_valaszoljon,ker_hat="igen",közc_tev=""),valaszoljon,oke)))),elozo_valasz) -> A kitöltés megfelelő!
A27: Támogatható tevékenység | B27: Támogatási jogcím | C27: Jogcímhez rendelt alintézkedés | D27: PF szerinti maximális támogatási összeg | E27: PF szerinti maximális támogatási intenzitás | F27: Ellenőrzés | H27: Elrejtendő
A28: T1 | B28: Nem állami támogatás | C28: nem releváns | D28: 19675211000 | E28: 1 | F28: =IF(OR(D28="",E28=""),"",_xlfn.LET(_xlpm.ell,IF(C28=nem_rel,B28,C28),_xlpm.ell_tartomany,IF(C28=nem_rel,$B$28:$B$54,$C$28:$C$54),_xlpm.darab1,COUNTIF(_xlpm.ell_tartomany,_xlpm.ell),_xlpm.darab2,COUNTIFS(_xlpm.ell_tartomany,_xlpm.ell,$D$28:$D$54,D28,$E$28:$E$54,E28),IF(_xlpm.darab1=_xlpm.darab2,"Megfelelt","Hiba!!!"))) -> Megfelelt | H28: =IF(ISBLANK(B28),"",IF(C28=nem_rel,B28,B28&" - "&C28)) -> Nem állami támogatás | I28: =LEFT(H28,200) -> Nem állami támogatás
A29: T2 | B29: Nem állami támogatás | C29: nem releváns | D29: 19675211000 | E29: 1 | F29: =IF(OR(D29="",E29=""),"",_xlfn.LET(_xlpm.ell,IF(C29=nem_rel,B29,C29),_xlpm.ell_tartomany,IF(C29=nem_rel,$B$28:$B$54,$C$28:$C$54),_xlpm.darab1,COUNTIF(_xlpm.ell_tartomany,_xlpm.ell),_xlpm.darab2,COUNTIFS(_xlpm.ell_tartomany,_xlpm.ell,$D$28:$D$54,D29,$E$28:$E$54,E29),IF(_xlpm.darab1=_xlpm.darab2,"Megfelelt","Hiba!!!"))) -> Megfelelt | H29: =IF(ISBLANK(B29),"",IF(C29=nem_rel,B29,B29&" - "&C29)) -> Nem állami támogatás | I29: =LEFT(H29,200) -> Nem állami támogatás
A30: T3 | B30: Csekély összegű támogatás | C30: nem releváns | D30: =3000000*D79 -> 1200000000 | E30: 1 | F30: =IF(OR(D30="",E30=""),"",_xlfn.LET(_xlpm.ell,IF(C30=nem_rel,B30,C30),_xlpm.ell_tartomany,IF(C30=nem_rel,$B$28:$B$54,$C$28:$C$54),_xlpm.darab1,COUNTIF(_xlpm.ell_tartomany,_xlpm.ell),_xlpm.darab2,COUNTIFS(_xlpm.ell_tartomany,_xlpm.ell,$D$28:$D$54,D30,$E$28:$E$54,E30),IF(_xlpm.darab1=_xlpm.darab2,"Megfelelt","Hiba!!!"))) -> Megfelelt | H30: =IF(ISBLANK(B30),"",IF(C30=nem_rel,B30,B30&" - "&C30)) -> Csekély összegű támogatás | I30: =LEFT(H30,200) -> Csekély összegű támogatás
A31: T4 | B31: Környezeti károk helyreállítása | C31: az éghajlatváltozáshoz való alkalmazkodásra és annak mérséklésére szolgáló természetalapú megoldások megvalósításához nyújtott támogatás esetén | D31: 19675211000 | E31: 0.7 | F31: =IF(OR(D31="",E31=""),"",_xlfn.LET(_xlpm.ell,IF(C31=nem_rel,B31,C31),_xlpm.ell_tartomany,IF(C31=nem_rel,$B$28:$B$54,$C$28:$C$54),_xlpm.darab1,COUNTIF(_xlpm.ell_tartomany,_xlpm.ell),_xlpm.darab2,COUNTIFS(_xlpm.ell_tartomany,_xlpm.ell,$D$28:$D$54,D31,$E$28:$E$54,E31),IF(_xlpm.darab1=_xlpm.darab2,"Megfelelt","Hiba!!!"))) -> Megfelelt | H31: =IF(ISBLANK(B31),"",IF(C31=nem_rel,B31,B31&" - "&C31)) -> Környezeti károk helyreállítása - az éghajlatváltozáshoz való alkalmazkodásra és annak mérséklésére szolgáló természetalapú megoldások megvalósításához nyújtott támogatás esetén | I31: =LEFT(H31,200) -> Környezeti károk helyreállítása - az éghajlatváltozáshoz való alkalmazkodásra és annak mérséklésére szolgáló természetalapú megoldások megvalósításához nyújtott támogatás esetén
A32: T5 | B32: Környezeti károk helyreállítása | C32: a biológiai sokféleség vagy ökoszisztémák védelméhez vagy helyreállításához az ökoszisztémák jó állapotának eléréséhez való hozzájárulás vagy a már jó állapotban lévő ökoszisztémák védelme érdekében nyújtott támogatás esetén | D32: 19675211000 | E32: 0.7 | F32: =IF(OR(D32="",E32=""),"",_xlfn.LET(_xlpm.ell,IF(C32=nem_rel,B32,C32),_xlpm.ell_tartomany,IF(C32=nem_rel,$B$28:$B$54,$C$28:$C$54),_xlpm.darab1,COUNTIF(_xlpm.ell_tartomany,_xlpm.ell),_xlpm.darab2,COUNTIFS(_xlpm.ell_tartomany,_xlpm.ell,$D$28:$D$54,D32,$E$28:$E$54,E32),IF(_xlpm.darab1=_xlpm.darab2,"Megfelelt","Hiba!!!"))) -> Megfelelt | H32: =IF(ISBLANK(B32),"",IF(C32=nem_rel,B32,B32&" - "&C32)) -> Környezeti károk helyreállítása - a biológiai sokféleség vagy ökoszisztémák védelméhez vagy helyreállításához az ökoszisztémák jó állapotának eléréséhez való hozzájárulás vagy a már jó állapotban lévő ökoszisztémák védelme érdekében nyújtott támogatás esetén | I32: =LEFT(H32,200) -> Környezeti károk helyreállítása - a biológiai sokféleség vagy ökoszisztémák védelméhez vagy helyreállításához az ökoszisztémák jó állapotának eléréséhez való hozzájárulás vagy a már jó állapotban lévő
A33: T6 | B33: Regionális beruházási támogatás | C33: nem releváns | D33: 19675211000 | E33: 0.5 | F33: =IF(OR(D33="",E33=""),"",_xlfn.LET(_xlpm.ell,IF(C33=nem_rel,B33,C33),_xlpm.ell_tartomany,IF(C33=nem_rel,$B$28:$B$54,$C$28:$C$54),_xlpm.darab1,COUNTIF(_xlpm.ell_tartomany,_xlpm.ell),_xlpm.darab2,COUNTIFS(_xlpm.ell_tartomany,_xlpm.ell,$D$28:$D$54,D33,$E$28:$E$54,E33),IF(_xlpm.darab1=_xlpm.darab2,"Megfelelt","Hiba!!!"))) -> Megfelelt | H33: =IF(ISBLANK(B33),"",IF(C33=nem_rel,B33,B33&" - "&C33)) -> Regionális beruházási támogatás | I33: =LEFT(H33,200) -> Regionális beruházási támogatás
A34: T7 | B34: Megújuló energia, megújuló hidrogén és nagy hatásfokú kapcsolt energiatermeléshez nyújtott beruházási támogatás | C34: A támogatott beruházás megújulóenergia termelésre - ideértve az (EU) 2018/2001 irányelv VII. mellékletének megfelelő hőszivattyúkat -, megújuló energiaforrásokon alapuló nagy hatásfokú kapcsolt energiatermelésre és megújuló hidrogén termelésre irányul | D34: 19675211000 | E34: 1 | F34: =IF(OR(D34="",E34=""),"",_xlfn.LET(_xlpm.ell,IF(C34=nem_rel,B34,C34),_xlpm.ell_tartomany,IF(C34=nem_rel,$B$28:$B$54,$C$28:$C$54),_xlpm.darab1,COUNTIF(_xlpm.ell_tartomany,_xlpm.ell),_xlpm.darab2,COUNTIFS(_xlpm.ell_tartomany,_xlpm.ell,$D$28:$D$54,D34,$E$28:$E$54,E34),IF(_xlpm.darab1=_xlpm.darab2,"Megfelelt","Hiba!!!"))) -> Megfelelt | H34: =IF(ISBLANK(B34),"",IF(C34=nem_rel,B34,B34&" - "&C34)) -> Megújuló energia, megújuló hidrogén és nagy hatásfokú kapcsolt energiatermeléshez nyújtott beruházási támogatás - A támogatott beruházás megújulóenergia termelésre - ideértve az (EU) 2018/2001 irányelv VII. mellékletének megfelelő hőszivattyúkat -, megújuló energiaforrásokon alapuló nagy hatásfokú kapcsolt energiatermelésre és megújuló hidrogén termelésre irányul | I34: =LEFT(H34,200) -> Megújuló energia, megújuló hidrogén és nagy hatásfokú kapcsolt energiatermeléshez nyújtott beruházási támogatás - A támogatott beruházás megújulóenergia termelésre - ideértve az (EU) 2018/2001 irányel
A35: T8 | B35: Elektromos- vagy hidrogéntöltő infrastruktúrához nyújtott beruházási támogatás, csekély összegű támogatás | C35: nem releváns | D35: 19675211000 | E35: 1 | F35: Megfelelt | H35: =IF(ISBLANK(B35),"",IF(C35=nem_rel,B35,B35&" - "&C35)) -> Elektromos- vagy hidrogéntöltő infrastruktúrához nyújtott beruházási támogatás, csekély összegű támogatás | I35: =LEFT(H35,200) -> Elektromos- vagy hidrogéntöltő infrastruktúrához nyújtott beruházási támogatás, csekély összegű támogatás
A36: T9 | B36: Csekély összegű támogatás | C36: nem releváns | D36: =3000000*D79 -> 1200000000 | E36: 1 | F36: Megfelelt | H36: =IF(ISBLANK(B36),"",IF(C36=nem_rel,B36,B36&" - "&C36)) -> Csekély összegű támogatás | I36: =LEFT(H36,200) -> Csekély összegű támogatás
A37: T10 | B37: Közszolgáltatásért járó ellentételezés | C37: nem releváns | D37: 19675211000 | E37: 1 | F37: Megfelelt | H37: =IF(ISBLANK(B37),"",IF(C37=nem_rel,B37,B37&" - "&C37)) -> Közszolgáltatásért járó ellentételezés | I37: =LEFT(H37,200) -> Közszolgáltatásért járó ellentételezés
F38: =IF(OR(D38="",E38=""),"",_xlfn.LET(_xlpm.ell,IF(C38=nem_rel,B38,C38),_xlpm.ell_tartomany,IF(C38=nem_rel,$B$28:$B$54,$C$28:$C$54),_xlpm.darab1,COUNTIF(_xlpm.ell_tartomany,_xlpm.ell),_xlpm.darab2,COUNTIFS(_xlpm.ell_tartomany,_xlpm.ell,$D$28:$D$54,D38,$E$28:$E$54,E38),IF(_xlpm.darab1=_xlpm.darab2,"Megfelelt","Hiba!!!"))) | H38: =IF(ISBLANK(B38),"",IF(C38=nem_rel,B38,B38&" - "&C38)) | I38: =LEFT(H38,200)
F39: =IF(OR(D39="",E39=""),"",_xlfn.LET(_xlpm.ell,IF(C39=nem_rel,B39,C39),_xlpm.ell_tartomany,IF(C39=nem_rel,$B$28:$B$54,$C$28:$C$54),_xlpm.darab1,COUNTIF(_xlpm.ell_tartomany,_xlpm.ell),_xlpm.darab2,COUNTIFS(_xlpm.ell_tartomany,_xlpm.ell,$D$28:$D$54,D39,$E$28:$E$54,E39),IF(_xlpm.darab1=_xlpm.darab2,"Megfelelt","Hiba!!!"))) | H39: =IF(ISBLANK(B39),"",IF(C39=nem_rel,B39,B39&" - "&C39)) | I39: =LEFT(H39,200)
F40: =IF(OR(D40="",E40=""),"",_xlfn.LET(_xlpm.ell,IF(C40=nem_rel,B40,C40),_xlpm.ell_tartomany,IF(C40=nem_rel,$B$28:$B$54,$C$28:$C$54),_xlpm.darab1,COUNTIF(_xlpm.ell_tartomany,_xlpm.ell),_xlpm.darab2,COUNTIFS(_xlpm.ell_tartomany,_xlpm.ell,$D$28:$D$54,D40,$E$28:$E$54,E40),IF(_xlpm.darab1=_xlpm.darab2,"Megfelelt","Hiba!!!"))) | H40: =IF(ISBLANK(B40),"",IF(C40=nem_rel,B40,B40&" - "&C40)) | I40: =LEFT(H40,200)
F41: =IF(OR(D41="",E41=""),"",_xlfn.LET(_xlpm.ell,IF(C41=nem_rel,B41,C41),_xlpm.ell_tartomany,IF(C41=nem_rel,$B$28:$B$54,$C$28:$C$54),_xlpm.darab1,COUNTIF(_xlpm.ell_tartomany,_xlpm.ell),_xlpm.darab2,COUNTIFS(_xlpm.ell_tartomany,_xlpm.ell,$D$28:$D$54,D41,$E$28:$E$54,E41),IF(_xlpm.darab1=_xlpm.darab2,"Megfelelt","Hiba!!!"))) | H41: =IF(ISBLANK(B41),"",IF(C41=nem_rel,B41,B41&" - "&C41)) | I41: =LEFT(H41,200)
F42: =IF(OR(D42="",E42=""),"",_xlfn.LET(_xlpm.ell,IF(C42=nem_rel,B42,C42),_xlpm.ell_tartomany,IF(C42=nem_rel,$B$28:$B$54,$C$28:$C$54),_xlpm.darab1,COUNTIF(_xlpm.ell_tartomany,_xlpm.ell),_xlpm.darab2,COUNTIFS(_xlpm.ell_tartomany,_xlpm.ell,$D$28:$D$54,D42,$E$28:$E$54,E42),IF(_xlpm.darab1=_xlpm.darab2,"Megfelelt","Hiba!!!"))) | H42: =IF(ISBLANK(B42),"",IF(C42=nem_rel,B42,B42&" - "&C42)) | I42: =LEFT(H42,200)
F43: =IF(OR(D43="",E43=""),"",_xlfn.LET(_xlpm.ell,IF(C43=nem_rel,B43,C43),_xlpm.ell_tartomany,IF(C43=nem_rel,$B$28:$B$54,$C$28:$C$54),_xlpm.darab1,COUNTIF(_xlpm.ell_tartomany,_xlpm.ell),_xlpm.darab2,COUNTIFS(_xlpm.ell_tartomany,_xlpm.ell,$D$28:$D$54,D43,$E$28:$E$54,E43),IF(_xlpm.darab1=_xlpm.darab2,"Megfelelt","Hiba!!!"))) | H43: =IF(ISBLANK(B43),"",IF(C43=nem_rel,B43,B43&" - "&C43)) | I43: =LEFT(H43,200)
F44: =IF(OR(D44="",E44=""),"",_xlfn.LET(_xlpm.ell,IF(C44=nem_rel,B44,C44),_xlpm.ell_tartomany,IF(C44=nem_rel,$B$28:$B$54,$C$28:$C$54),_xlpm.darab1,COUNTIF(_xlpm.ell_tartomany,_xlpm.ell),_xlpm.darab2,COUNTIFS(_xlpm.ell_tartomany,_xlpm.ell,$D$28:$D$54,D44,$E$28:$E$54,E44),IF(_xlpm.darab1=_xlpm.darab2,"Megfelelt","Hiba!!!"))) | H44: =IF(ISBLANK(B44),"",IF(C44=nem_rel,B44,B44&" - "&C44)) | I44: =LEFT(H44,200)
F45: =IF(OR(D45="",E45=""),"",_xlfn.LET(_xlpm.ell,IF(C45=nem_rel,B45,C45),_xlpm.ell_tartomany,IF(C45=nem_rel,$B$28:$B$54,$C$28:$C$54),_xlpm.darab1,COUNTIF(_xlpm.ell_tartomany,_xlpm.ell),_xlpm.darab2,COUNTIFS(_xlpm.ell_tartomany,_xlpm.ell,$D$28:$D$54,D45,$E$28:$E$54,E45),IF(_xlpm.darab1=_xlpm.darab2,"Megfelelt","Hiba!!!"))) | H45: =IF(ISBLANK(B45),"",IF(C45=nem_rel,B45,B45&" - "&C45)) | I45: =LEFT(H45,200)
F46: =IF(OR(D46="",E46=""),"",_xlfn.LET(_xlpm.ell,IF(C46=nem_rel,B46,C46),_xlpm.ell_tartomany,IF(C46=nem_rel,$B$28:$B$54,$C$28:$C$54),_xlpm.darab1,COUNTIF(_xlpm.ell_tartomany,_xlpm.ell),_xlpm.darab2,COUNTIFS(_xlpm.ell_tartomany,_xlpm.ell,$D$28:$D$54,D46,$E$28:$E$54,E46),IF(_xlpm.darab1=_xlpm.darab2,"Megfelelt","Hiba!!!"))) | H46: =IF(ISBLANK(B46),"",IF(C46=nem_rel,B46,B46&" - "&C46)) | I46: =LEFT(H46,200)
F47: =IF(OR(D47="",E47=""),"",_xlfn.LET(_xlpm.ell,IF(C47=nem_rel,B47,C47),_xlpm.ell_tartomany,IF(C47=nem_rel,$B$28:$B$54,$C$28:$C$54),_xlpm.darab1,COUNTIF(_xlpm.ell_tartomany,_xlpm.ell),_xlpm.darab2,COUNTIFS(_xlpm.ell_tartomany,_xlpm.ell,$D$28:$D$54,D47,$E$28:$E$54,E47),IF(_xlpm.darab1=_xlpm.darab2,"Megfelelt","Hiba!!!"))) | H47: =IF(ISBLANK(B47),"",IF(C47=nem_rel,B47,B47&" - "&C47)) | I47: =LEFT(H47,200)
F48: =IF(OR(D48="",E48=""),"",_xlfn.LET(_xlpm.ell,IF(C48=nem_rel,B48,C48),_xlpm.ell_tartomany,IF(C48=nem_rel,$B$28:$B$54,$C$28:$C$54),_xlpm.darab1,COUNTIF(_xlpm.ell_tartomany,_xlpm.ell),_xlpm.darab2,COUNTIFS(_xlpm.ell_tartomany,_xlpm.ell,$D$28:$D$54,D48,$E$28:$E$54,E48),IF(_xlpm.darab1=_xlpm.darab2,"Megfelelt","Hiba!!!"))) | H48: =IF(ISBLANK(B48),"",IF(C48=nem_rel,B48,B48&" - "&C48)) | I48: =LEFT(H48,200)
F49: =IF(OR(D49="",E49=""),"",_xlfn.LET(_xlpm.ell,IF(C49=nem_rel,B49,C49),_xlpm.ell_tartomany,IF(C49=nem_rel,$B$28:$B$54,$C$28:$C$54),_xlpm.darab1,COUNTIF(_xlpm.ell_tartomany,_xlpm.ell),_xlpm.darab2,COUNTIFS(_xlpm.ell_tartomany,_xlpm.ell,$D$28:$D$54,D49,$E$28:$E$54,E49),IF(_xlpm.darab1=_xlpm.darab2,"Megfelelt","Hiba!!!"))) | H49: =IF(ISBLANK(B49),"",IF(C49=nem_rel,B49,B49&" - "&C49)) | I49: =LEFT(H49,200)
... F54: =IF(OR(D54="",E54=""),"",_xlfn.LET(_xlpm.ell,IF(C54=nem_rel,B54,C54),_xlpm.ell_tartomany,IF(C54=nem_rel,$B$28:$B$54,$C$28:$C$54),_xlpm.darab1,COUNTIF(_xlpm.ell_tartomany,_xlpm.ell),_xlpm.darab2,COUNTIFS(_xlpm.ell_tartomany,_xlpm.ell,$D$28:$D$54,D54,$E$28:$E$54,E54),IF(_xlpm.darab1=_xlpm.darab2,"Megfelelt","Hiba!!!"))) | H54: =IF(ISBLANK(B54),"",IF(C54=nem_rel,B54,B54&" - "&C54)) | I54: =LEFT(H54,200)
C58: Támogatási jogcím | D58: PF szerint igényelhető maximális támogatási összeg | E58: PF szerint igényelhető maximális támogatási intenzitás
C59: {=_xlfn.UNIQUE(H28:H54)} -> Nem állami támogatás | D59: =IFERROR(IF(C59="","",INDEX($D$27:$D$54,MATCH(LEFT($C59,200),$I$27:$I$54,0))),"") -> 19675211000 | E59: =IFERROR(IF(C59="","",INDEX($E$27:$E$54,MATCH(LEFT($C59,200),$I$27:$I$54,0))),"") -> 1
C60: Csekély összegű támogatás | D60: =IFERROR(IF(C60="","",INDEX($D$27:$D$54,MATCH(LEFT($C60,200),$I$27:$I$54,0))),"") -> 1200000000 | E60: =IFERROR(IF(C60="","",INDEX($E$27:$E$54,MATCH(LEFT($C60,200),$I$27:$I$54,0))),"") -> 1
C61: Környezeti károk helyreállítása - az éghajlatváltozáshoz való alkalmazkodásra és annak mérséklésére szolgáló természetalapú megoldások megvalósításához nyújtott támogatás esetén | D61: =IFERROR(IF(C61="","",INDEX($D$27:$D$54,MATCH(LEFT($C61,200),$I$27:$I$54,0))),"") -> 19675211000 | E61: =IFERROR(IF(C61="","",INDEX($E$27:$E$54,MATCH(LEFT($C61,200),$I$27:$I$54,0))),"") -> 0.7
C62: Környezeti károk helyreállítása - a biológiai sokféleség vagy ökoszisztémák védelméhez vagy helyreállításához az ökoszisztémák jó állapotának eléréséhez való hozzájárulás vagy a már jó állapotban lévő ökoszisztémák védelme érdekében nyújtott támogatás esetén | D62: =IFERROR(IF(C62="","",INDEX($D$27:$D$54,MATCH(LEFT($C62,200),$I$27:$I$54,0))),"") -> 19675211000 | E62: =IFERROR(IF(C62="","",INDEX($E$27:$E$54,MATCH(LEFT($C62,200),$I$27:$I$54,0))),"") -> 0.7
C63: Regionális beruházási támogatás | D63: =IFERROR(IF(C63="","",INDEX($D$27:$D$54,MATCH(LEFT($C63,200),$I$27:$I$54,0))),"") -> 19675211000 | E63: =IFERROR(IF(C63="","",INDEX($E$27:$E$54,MATCH(LEFT($C63,200),$I$27:$I$54,0))),"") -> 0.5
C64: Megújuló energia, megújuló hidrogén és nagy hatásfokú kapcsolt energiatermeléshez nyújtott beruházási támogatás - A támogatott beruházás megújulóenergia termelésre - ideértve az (EU) 2018/2001 irányelv VII. mellékletének megfelelő hőszivattyúkat -, megújuló energiaforrásokon alapuló nagy hatásfokú kapcsolt energiatermelésre és megújuló hidrogén termelésre irányul | D64: =IFERROR(IF(C64="","",INDEX($D$27:$D$54,MATCH(LEFT($C64,200),$I$27:$I$54,0))),"") -> 19675211000 | E64: =IFERROR(IF(C64="","",INDEX($E$27:$E$54,MATCH(LEFT($C64,200),$I$27:$I$54,0))),"") -> 1
C65: Elektromos- vagy hidrogéntöltő infrastruktúrához nyújtott beruházási támogatás, csekély összegű támogatás | D65: =IFERROR(IF(C65="","",INDEX($D$27:$D$54,MATCH(LEFT($C65,200),$I$27:$I$54,0))),"") -> 19675211000 | E65: =IFERROR(IF(C65="","",INDEX($E$27:$E$54,MATCH(LEFT($C65,200),$I$27:$I$54,0))),"") -> 1
C66: Közszolgáltatásért járó ellentételezés | D66: =IFERROR(IF(C66="","",INDEX($D$27:$D$54,MATCH(LEFT($C66,200),$I$27:$I$54,0))),"") -> 19675211000 | E66: =IFERROR(IF(C66="","",INDEX($E$27:$E$54,MATCH(LEFT($C66,200),$I$27:$I$54,0))),"") -> 1
D67: =IFERROR(IF(C67="","",INDEX($D$27:$D$54,MATCH(LEFT($C67,200),$I$27:$I$54,0))),"") | E67: =IFERROR(IF(C67="","",INDEX($E$27:$E$54,MATCH(LEFT($C67,200),$I$27:$I$54,0))),"")
D68: =IFERROR(IF(C68="","",INDEX($D$27:$D$54,MATCH(LEFT($C68,200),$I$27:$I$54,0))),"") | E68: =IFERROR(IF(C68="","",INDEX($E$27:$E$54,MATCH(LEFT($C68,200),$I$27:$I$54,0))),"")
D69: =IFERROR(IF(C69="","",INDEX($D$27:$D$54,MATCH(LEFT($C69,200),$I$27:$I$54,0))),"") | E69: =IFERROR(IF(C69="","",INDEX($E$27:$E$54,MATCH(LEFT($C69,200),$I$27:$I$54,0))),"")
D70: =IFERROR(IF(C70="","",INDEX($D$27:$D$54,MATCH(LEFT($C70,200),$I$27:$I$54,0))),"") | E70: =IFERROR(IF(C70="","",INDEX($E$27:$E$54,MATCH(LEFT($C70,200),$I$27:$I$54,0))),"")
D71: =IFERROR(IF(C71="","",INDEX($D$27:$D$54,MATCH(LEFT($C71,200),$I$27:$I$54,0))),"") | E71: =IFERROR(IF(C71="","",INDEX($E$27:$E$54,MATCH(LEFT($C71,200),$I$27:$I$54,0))),"")
D72: =IFERROR(IF(C72="","",INDEX($D$27:$D$54,MATCH(LEFT($C72,200),$I$27:$I$54,0))),"") | E72: =IFERROR(IF(C72="","",INDEX($E$27:$E$54,MATCH(LEFT($C72,200),$I$27:$I$54,0))),"")
D73: =IFERROR(IF(C73="","",INDEX($D$27:$D$54,MATCH(LEFT($C73,200),$I$27:$I$54,0))),"") | E73: =IFERROR(IF(C73="","",INDEX($E$27:$E$54,MATCH(LEFT($C73,200),$I$27:$I$54,0))),"")
D74: =IFERROR(IF(C74="","",INDEX($D$27:$D$54,MATCH(LEFT($C74,200),$I$27:$I$54,0))),"") | E74: =IFERROR(IF(C74="","",INDEX($E$27:$E$54,MATCH(LEFT($C74,200),$I$27:$I$54,0))),"")
D75: =IFERROR(IF(C75="","",INDEX($D$27:$D$54,MATCH(LEFT($C75,200),$I$27:$I$54,0))),"") | E75: =IFERROR(IF(C75="","",INDEX($E$27:$E$54,MATCH(LEFT($C75,200),$I$27:$I$54,0))),"")
D76: =IFERROR(IF(C76="","",INDEX($D$27:$D$54,MATCH(LEFT($C76,200),$I$27:$I$54,0))),"") | E76: =IFERROR(IF(C76="","",INDEX($E$27:$E$54,MATCH(LEFT($C76,200),$I$27:$I$54,0))),"")
C79: Számításhoz alkalmazandó euro árfolyam, Ft/EUR | D79: 400
C81: Beruházás kezdő éve | D81: 2025
C82: Beruházás időtartama, év | D82: 1
C83: Üzembe helyezés éve | D83: =start_year+D82 -> 2026
C85: Vizsgált időtáv, év | D85: 20
C86: Utolsó vizsgálati év | D86: =start_year+D85-1 -> 2044
C88: Pénzügyi diszkontráta - állami támogatás esetén | D88: 0.0746
C89: Pénzügyi diszkontráta - nem állami támogatás esetén | D89: 0.0746
C90: Közgazdasági diszkontráta | D90: 0.03
B93: FŐBB EREDMÉNYEK
C95: Az elemzés elvégzése után kérjük adja meg a támogatásra vonatkozó adatokat!
C97: ='Pénzügyi elemzés'!B156 -> Megnevezés | D97: ='Pénzügyi elemzés'!C156 -> nem állami támogatás | E97: ='Pénzügyi elemzés'!D156 -> állami támogatás | F97: ='Pénzügyi elemzés'!E156 -> Összesen
C98: ='Pénzügyi elemzés'!B157 -> Teljes beruházási költség, Ft | D98: 78835000 | E98: 404669769 | F98: 483504769
C99: ='Pénzügyi elemzés'!B158 -> Elszámolható költségek (EC), Ft | D99: 78835000 | E99: 404669769 | F99: 483504769
C100: ='Pénzügyi elemzés'!B159 -> Nem elszámolható költségek (EC), Ft | D100: 0 | E100: 0 | F100: 0
C101: ='Pénzügyi elemzés'!B160 -> Elszámolható költségekre vonatkozó támogatási arány % | D101: 1 | E101: 0.80482694 | F101: 0.83664972
C102: ='Pénzügyi elemzés'!B161 -> Támogatási összeg, Ft | D102: 78835000 | E102: 3.2568913e+08 | F102: 4.0452413e+08
C103: ='Pénzügyi elemzés'!B162 -> Európai Uniós forrás, Ft | D103: 65433050 | E103: 2.7032198e+08 | F103: 3.3575503e+08
C104: ='Pénzügyi elemzés'!B163 -> Hazai társfinanszírozás összege, Ft | D104: 13401950 | E104: 55367152 | F104: 68769102
C105: ='Pénzügyi elemzés'!B164 -> Kedvezményezett hozzájárulása, Ft | D105: 0 | E105: 78980638 | F105: 78980638
C106: ='Pénzügyi elemzés'!B165 -> Nemzeti hozzájárulás összesen, Ft | D106: 13401950 | E106: 1.3434779e+08 | F106: 1.4774974e+08

Sheet Beruházási_ktg_input
E2: Kérjük töltse ki az alábbi, a beruházási költségekre vonatkozó táblázatokat:
E3: Kitöltési útmutatás: A fenti útmutatások alapján töltse ki az alábbi táblázatot. Kérjük adja meg, hogy mely beruházási elemre milyen támogatási jogcímet kíván igénybe venni a korábban megadottak alapján. A költségek meghatározásánál adja meg a fajlagos egységárat és mennyiséget, valamint az áfa kulcs mértékét. A későbbi számításokhoz jelölje be, hogy az adott költségelem elszámolható vagy nem elszámolható költség, illetve milyen költségnemhez tartozik az adott beruházási elem. Az áfa visszaigényelhetőségének szempontjából adja meg a kedvezményezett áfa státuszát is. Az egyes beruházási elemekre vonatkozó ütemezésnél adja meg, hogy az adott költség melyik évben mekkora arányban jelenik meg. Az ütemezést csak a beruházással érintett évekre kell megadni. Kérjük adja meg az egyes eszközök maradványértékét értékcsökkenés alapú számítással. Amennyiben a korábban meghatározottak szerint több támogatási szabály is releváns, kérjük ossza meg a beruházási költségeket, hogy mely állami támogatás - vagy nem állami támogatás szabály alá tartoznak. Nem állami támogatás szabály alá tartoznak azon fejlesztési elemek, amelyek a közszolgáltatással vagy a közcél ellátásával közvetlenül kapcsolatba hozhatók. (Pl. gyógyfürdők esetén a beutalóval érkező betegek ellátását jellemzően szolgálják, mint a gyógyászati közcél ellátását szolgáló medencék, kezelő helyiségek.) Állami támogatás szabály alá tartoznak azon fejlesztési elemek, amelyek csak a nem közcélú szegmens ellátását szolgálják. (Pl. gyógyfürdők esetén azon fejlesztési elemek, amelyek nem hozhatók kapcsolatba a gyógyászati céllal, mint az élménymedencék felújítása, új attrakciók létrehozása.) Azon fejlesztési elemek költségei, amelyek vegyesen a közcélú és nem közcélú szegmens ellátását szolgálják megoszthatók pl. a közcélú és nem közcélú látogatók számának arányában. (Pl. gyógyfürdők esetén a váróterem, öltözők, vizesblokkok, vendéglátóhelyiségek energetikai felújítása, valamint a támogató tevékenységek költségei, különösen a gépészeti elemek, kútfúrás, kútgépészer, csővezetékek, hőcserélők.) A költségeket kérjük pozitív előjellel mutassa be a beruházással érintett évekre!
B7: Fősor/alsor | E7: Beruházási elem | F7: Élettartam | G7: Támogatási jogcím | H7: Mértékegység | I7: Mennyiség | J7: Egységár | K7: Beruházási elem nettó ára | L7: Nettó ár | M7: Áfa kulcs | N7: Áfa összege | O7: Bruttó ár | P7: Maradványérték | Q7: Elszámolható költség / Nem elszámolható költség | R7: Költség besorolás | S7: Kedvezményezett Áfa státusza | T7: Nettó elszámolható költség | U7: Elszámolható költség Áfá-ja | V7: Összes elszámolható költség | W7: Elszámolható költség NEM visszaigényelhető Áfája. (NEM elszámolható ktg-ként) | X7: Elszámolható költség visszaigényelhető Áfája. (NEM elszámolható tétel) | Y7: Nettó NEM elszámolható költség | Z7: NEM elszámolható költség visszaigényelhető Áfája. | AA7: Nem elszámolható költség NEM visszaigényelhető Áfája | AB7: Nem elszámolható költség és annak Áfája | AC7: Összes elszámolható költség és a nem elszámolható költség nem visszaigényelhető Áfával | AD7: Összes NEM elszámolható költség | AE7: Összes költség | AF7: =start_year -> 2025 | AG7: =AF7+1 -> 2026 | AH7: =AG7+1 -> 2027 | AI7: =AH7+1 -> 2028 | AJ7: =AI7+1 -> 2029 | AK7: ütemezés ellenőrzés | AL7: ="elszámolható költségek "&AF7 -> elszámolható költségek 2025 | AM7: ="elszámolható költségek "&AG7 -> elszámolható költségek 2026 | AN7: ="elszámolható költségek "&AH7 -> elszámolható költségek 2027 | AO7: ="elszámolható költségek "&AI7 -> elszámolható költségek 2028 | AP7: ="elszámolható költségek "&AJ7 -> elszámolható költségek 2029 | AQ7: ="nem elszámolható költségek "&AF7 -> nem elszámolható költségek 2025 | AR7: ="nem elszámolható költségek "&AG7 -> nem elszámolható költségek 2026 | AS7: ="nem elszámolható költségek "&AH7 -> nem elszámolható költségek 2027 | AT7: ="nem elszámolható költségek "&AI7 -> nem elszámolható költségek 2028 | AU7: ="nem elszámolható költségek "&AJ7 -> nem elszámolható költségek 2029 | AV7: ="áfa nélküli költség "&AF7 -> áfa nélküli költség 2025 | AW7: ="áfa nélküli költség "&AG7 -> áfa nélküli költség 2026 | AX7: ="áfa nélküli költség "&AH7 -> áfa nélküli költség 2027 | AY7: ="áfa nélküli költség "&AI7 -> áfa nélküli költség 2028 | AZ7: ="áfa nélküli költség "&AJ7 -> áfa nélküli költség 2029
B8: Fősor | C8: =IF(B8=Háttér_listák!$B$121,1,0) -> 1 | D8: =IF(C8=C7,D7,D7+1) -> 1 | E8: Projekt előkészítés | G8: nem releváns | K8: =IF(B8=Háttér_listák!$B$121,"",Beruházási_ktg_input!I8*Beruházási_ktg_input!J8) | L8: =IF(B8=Háttér_listák!$B$121,SUMIF(Beruházási_ktg_input!D8:$D$107,Beruházási_ktg_input!D8+1,Beruházási_ktg_input!L8:$L$107),Beruházási_ktg_input!$K8) -> 41500000 | O8: =IF(B8=Háttér_listák!$B$121,SUMIF(Beruházási_ktg_input!$D9:D$107,Beruházási_ktg_input!D8+1,$O9:O$107),L8+N8) -> 52705000 | T8: =IF($B8=Háttér_listák!$B$121,SUMIF($D9:D$107,D8+1,$T9:T$107),IF(Q8=Háttér_listák!$B$125,Beruházási_ktg_input!L8,0)) -> 41500000 | U8: =IF($B8=Háttér_listák!$B$121,SUMIF($D9:D$107,D8+1,$U9:U$107),IF(AND(Q8=Háttér_listák!$B$125,Beruházási_ktg_input!S8=Háttér_listák!$B$130,Főoldal!$C$15="Igen"),Beruházási_ktg_input!N8,0)) -> 11205000 | V8: =SUM(T8:U8) -> 52705000 | W8: =IF($B8=Háttér_listák!$B$121,SUMIF($D9:D$107,D8+1,$W9:W$107),IF(AND(Q8=Háttér_listák!$B$125,Beruházási_ktg_input!S8=Háttér_listák!$B$130,Főoldal!$C$15="Nem"),Beruházási_ktg_input!N8,0)) -> 0 | X8: =IF($B8=Háttér_listák!$B$121,SUMIF($D9:D$107,D8+1,$X9:X$107),IF(AND(Q8=Háttér_listák!$B$125,Beruházási_ktg_input!S8=Háttér_listák!$B$129),Beruházási_ktg_input!N8,0)) -> 0 | Y8: =IF($B8=Háttér_listák!$B$121,SUMIF($D9:D$107,D8+1,$Y9:Y$107),IF(Q8=Háttér_listák!$B$126,Beruházási_ktg_input!L8,0)) -> 0 | Z8: =IF($B8=Háttér_listák!$B$121,SUMIF($D9:D$107,D8+1,$Z9:Z$107),IF(AND(Q8=Háttér_listák!$B$126,Beruházási_ktg_input!S8=Háttér_listák!$B$129),Beruházási_ktg_input!N8,0)) -> 0 | AA8: =IF($B8=Háttér_listák!$B$121,SUMIF($D9:D$107,D8+1,$AA9:AA$107),IF(AND(Q8=Háttér_listák!$B$126,Beruházási_ktg_input!S8=Háttér_listák!$B$130),Beruházási_ktg_input!N8,0)) -> 0 | AB8: =Y8+AA8 -> 0 | AC8: =V8+AB8 -> 52705000 | AD8: =SUM(W8:AA8) -> 0 | AE8: =V8+AD8 -> 52705000 | AK8: =IF(SUM(AF8:AJ8)=0,"",IF(SUM(AF8:AJ8)=1,Háttér_listák!$B$133,Háttér_listák!$B$134)) | AL8: =IF($AE8=0,0,IF($B8=Háttér_listák!$B$122,Beruházási_ktg_input!$V8*Beruházási_ktg_input!AF8,"")) | AM8: =IF($AE8=0,0,IF($B8=Háttér_listák!$B$122,Beruházási_ktg_input!$V8*Beruházási_ktg_input!AG8,"")) | AN8: =IF($AE8=0,0,IF($B8=Háttér_listák!$B$122,Beruházási_ktg_input!$V8*Beruházási_ktg_input!AH8,"")) | AO8: =IF($AE8=0,0,IF($B8=Háttér_listák!$B$122,Beruházási_ktg_input!$V8*Beruházási_ktg_input!AI8,"")) | AP8: =IF($AE8=0,0,IF($B8=Háttér_listák!$B$122,Beruházási_ktg_input!$V8*Beruházási_ktg_input!AJ8,"")) | AQ8: =IF($AE8=0,0,IF($B8=Háttér_listák!$B$122,Beruházási_ktg_input!$AD8*Beruházási_ktg_input!AF8,"")) | AR8: =IF($AE8=0,0,IF($B8=Háttér_listák!$B$122,Beruházási_ktg_input!$AD8*Beruházási_ktg_input!AG8,"")) | AS8: =IF($AE8=0,0,IF($B8=Háttér_listák!$B$122,Beruházási_ktg_input!$AD8*Beruházási_ktg_input!AH8,"")) | AT8: =IF($AE8=0,0,IF($B8=Háttér_listák!$B$122,Beruházási_ktg_input!$AD8*Beruházási_ktg_input!AI8,"")) | AU8: =IF($AE8=0,0,IF($B8=Háttér_listák!$B$122,Beruházási_ktg_input!$AD8*Beruházási_ktg_input!AJ8,"")) | AV8: =IF($AE8=0,0,IF($B8=Háttér_listák!$B$122,($T8+$Y8)*AF8,"")) | AW8: =IF($AE8=0,0,IF($B8=Háttér_listák!$B$122,($T8+$Y8)*AG8,"")) | AX8: =IF($AE8=0,0,IF($B8=Háttér_listák!$B$122,($T8+$Y8)*AH8,"")) | AY8: =IF($AE8=0,0,IF($B8=Háttér_listák!$B$122,($T8+$Y8)*AI8,"")) | AZ8: =IF($AE8=0,0,IF($B8=Háttér_listák!$B$122,($T8+$Y8)*AJ8,""))
B9: Alsor | C9: =IF(B9=Háttér_listák!$B$121,1,0) -> 0 | D9: =IF(C9=C8,D8,D8+1) -> 2 | E9: Előzetes tanulmányok, dokumentumok | F9: 0 | G9: Nem állami támogatás | I9: 1 | J9: 8000000 | K9: =IF(B9=Háttér_listák!$B$121,"",Beruházási_ktg_input!I9*Beruházási_ktg_input!J9) -> 8000000 | L9: =IF(B9=Háttér_listák!$B$121,SUMIF(Beruházási_ktg_input!D9:$D$107,Beruházási_ktg_input!D9+1,Beruházási_ktg_input!L9:$L$107),Beruházási_ktg_input!$K9) -> 8000000 | M9: 0.27 | N9: 2160000 | O9: =IF(B9=Háttér_listák!$B$121,SUMIF(Beruházási_ktg_input!$D10:D$107,Beruházási_ktg_input!D9+1,$O10:O$107),L9+N9) -> 10160000 | P9: 0 | Q9: Elszámolható költség | R9: Projektelőkészítés költségei | S9: Nem ÁFA visszaigénylő | T9: =IF($B9=Háttér_listák!$B$121,SUMIF($D10:D$107,D9+1,$T10:T$107),IF(Q9=Háttér_listák!$B$125,Beruházási_ktg_input!L9,0)) -> 8000000 | U9: =IF($B9=Háttér_listák!$B$121,SUMIF($D10:D$107,D9+1,$U10:U$107),IF(AND(Q9=Háttér_listák!$B$125,Beruházási_ktg_input!S9=Háttér_listák!$B$130,Főoldal!$C$15="Igen"),Beruházási_ktg_input!N9,0)) -> 2160000 | V9: =SUM(T9:U9) -> 10160000 | W9: =IF($B9=Háttér_listák!$B$121,SUMIF($D10:D$107,D9+1,$W10:W$107),IF(AND(Q9=Háttér_listák!$B$125,Beruházási_ktg_input!S9=Háttér_listák!$B$130,Főoldal!$C$15="Nem"),Beruházási_ktg_input!N9,0)) -> 0 | X9: =IF($B9=Háttér_listák!$B$121,SUMIF($D10:D$107,D9+1,$X10:X$107),IF(AND(Q9=Háttér_listák!$B$125,Beruházási_ktg_input!S9=Háttér_listák!$B$129),Beruházási_ktg_input!N9,0)) -> 0 | Y9: =IF($B9=Háttér_listák!$B$121,SUMIF($D10:D$107,D9+1,$Y10:Y$107),IF(Q9=Háttér_listák!$B$126,Beruházási_ktg_input!L9,0)) -> 0 | Z9: =IF($B9=Háttér_listák!$B$121,SUMIF($D10:D$107,D9+1,$Z10:Z$107),IF(AND(Q9=Háttér_listák!$B$126,Beruházási_ktg_input!S9=Háttér_listák!$B$129),Beruházási_ktg_input!N9,0)) -> 0 | AA9: =IF($B9=Háttér_listák!$B$121,SUMIF($D10:D$107,D9+1,$AA10:AA$107),IF(AND(Q9=Háttér_listák!$B$126,Beruházási_ktg_input!S9=Háttér_listák!$B$130),Beruházási_ktg_input!N9,0)) -> 0 | AB9: =Y9+AA9 -> 0 | AC9: =V9+AB9 -> 10160000 | AD9: =SUM(W9:AA9) -> 0 | AE9: =V9+AD9 -> 10160000 | AF9: 1 | AK9: =IF(SUM(AF9:AJ9)=0,"",IF(SUM(AF9:AJ9)=1,Háttér_listák!$B$133,Háttér_listák!$B$134)) -> Az ütemezés megfelelő! | AL9: =IF($AE9=0,0,IF($B9=Háttér_listák!$B$122,Beruházási_ktg_input!$V9*Beruházási_ktg_input!AF9,"")) -> 10160000 | AM9: =IF($AE9=0,0,IF($B9=Háttér_listák!$B$122,Beruházási_ktg_input!$V9*Beruházási_ktg_input!AG9,"")) -> 0 | AN9: =IF($AE9=0,0,IF($B9=Háttér_listák!$B$122,Beruházási_ktg_input!$V9*Beruházási_ktg_input!AH9,"")) -> 0 | AO9: =IF($AE9=0,0,IF($B9=Háttér_listák!$B$122,Beruházási_ktg_input!$V9*Beruházási_ktg_input!AI9,"")) -> 0 | AP9: =IF($AE9=0,0,IF($B9=Háttér_listák!$B$122,Beruházási_ktg_input!$V9*Beruházási_ktg_input!AJ9,"")) -> 0 | AQ9: =IF($AE9=0,0,IF($B9=Háttér_listák!$B$122,Beruházási_ktg_input!$AD9*Beruházási_ktg_input!AF9,"")) -> 0 | AR9: =IF($AE9=0,0,IF($B9=Háttér_listák!$B$122,Beruházási_ktg_input!$AD9*Beruházási_ktg_input!AG9,"")) -> 0 | AS9: =IF($AE9=0,0,IF($B9=Háttér_listák!$B$122,Beruházási_ktg_input!$AD9*Beruházási_ktg_input!AH9,"")) -> 0 | AT9: =IF($AE9=0,0,IF($B9=Háttér_listák!$B$122,Beruházási_ktg_input!$AD9*Beruházási_ktg_input!AI9,"")) -> 0 | AU9: =IF($AE9=0,0,IF($B9=Háttér_listák!$B$122,Beruházási_ktg_input!$AD9*Beruházási_ktg_input!AJ9,"")) -> 0 | AV9: =IF($AE9=0,0,IF($B9=Háttér_listák!$B$122,($T9+$Y9)*AF9,"")) -> 8000000 | AW9: =IF($AE9=0,0,IF($B9=Háttér_listák!$B$122,($T9+$Y9)*AG9,"")) -> 0 | AX9: =IF($AE9=0,0,IF($B9=Háttér_listák!$B$122,($T9+$Y9)*AH9,"")) -> 0 | AY9: =IF($AE9=0,0,IF($B9=Háttér_listák!$B$122,($T9+$Y9)*AI9,"")) -> 0 | AZ9: =IF($AE9=0,0,IF($B9=Háttér_listák!$B$122,($T9+$Y9)*AJ9,"")) -> 0
B10: Alsor | C10: =IF(B10=Háttér_listák!$B$121,1,0) -> 0 | D10: =IF(C10=C9,D9,D9+1) -> 2 | E10: Előzetes tanulmányok, dokumentumok | F10: 0 | G10: Nem állami támogatás | I10: 1 | J10: 13500000 | K10: =IF(B10=Háttér_listák!$B$121,"",Beruházási_ktg_input!I10*Beruházási_ktg_input!J10) -> 13500000 | L10: =IF(B10=Háttér_listák!$B$121,SUMIF(Beruházási_ktg_input!D10:$D$107,Beruházási_ktg_input!D10+1,Beruházási_ktg_input!L10:$L$107),Beruházási_ktg_input!$K10) -> 13500000 | M10: 0.27 | N10: 3645000 | O10: =IF(B10=Háttér_listák!$B$121,SUMIF(Beruházási_ktg_input!$D11:D$107,Beruházási_ktg_input!D10+1,$O11:O$107),L10+N10) -> 17145000 | P10: 0 | Q10: Elszámolható költség | R10: Projektelőkészítés költségei | S10: Nem ÁFA visszaigénylő | T10: =IF($B10=Háttér_listák!$B$121,SUMIF($D11:D$107,D10+1,$T11:T$107),IF(Q10=Háttér_listák!$B$125,Beruházási_ktg_input!L10,0)) -> 13500000 | U10: =IF($B10=Háttér_listák!$B$121,SUMIF($D11:D$107,D10+1,$U11:U$107),IF(AND(Q10=Háttér_listák!$B$125,Beruházási_ktg_input!S10=Háttér_listák!$B$130,Főoldal!$C$15="Igen"),Beruházási_ktg_input!N10,0)) -> 3645000 | V10: =SUM(T10:U10) -> 17145000 | W10: =IF($B10=Háttér_listák!$B$121,SUMIF($D11:D$107,D10+1,$W11:W$107),IF(AND(Q10=Háttér_listák!$B$125,Beruházási_ktg_input!S10=Háttér_listák!$B$130,Főoldal!$C$15="Nem"),Beruházási_ktg_input!N10,0)) -> 0 | X10: =IF($B10=Háttér_listák!$B$121,SUMIF($D11:D$107,D10+1,$X11:X$107),IF(AND(Q10=Háttér_listák!$B$125,Beruházási_ktg_input!S10=Háttér_listák!$B$129),Beruházási_ktg_input!N10,0)) -> 0 | Y10: =IF($B10=Háttér_listák!$B$121,SUMIF($D11:D$107,D10+1,$Y11:Y$107),IF(Q10=Háttér_listák!$B$126,Beruházási_ktg_input!L10,0)) -> 0 | Z10: =IF($B10=Háttér_listák!$B$121,SUMIF($D11:D$107,D10+1,$Z11:Z$107),IF(AND(Q10=Háttér_listák!$B$126,Beruházási_ktg_input!S10=Háttér_listák!$B$129),Beruházási_ktg_input!N10,0)) -> 0 | AA10: =IF($B10=Háttér_listák!$B$121,SUMIF($D11:D$107,D10+1,$AA11:AA$107),IF(AND(Q10=Háttér_listák!$B$126,Beruházási_ktg_input!S10=Háttér_listák!$B$130),Beruházási_ktg_input!N10,0)) -> 0 | AB10: =Y10+AA10 -> 0 | AC10: =V10+AB10 -> 17145000 | AD10: =SUM(W10:AA10) -> 0 | AE10: =V10+AD10 -> 17145000 | AF10: 1 | AK10: =IF(SUM(AF10:AJ10)=0,"",IF(SUM(AF10:AJ10)=1,Háttér_listák!$B$133,Háttér_listák!$B$134)) -> Az ütemezés megfelelő! | AL10: =IF($AE10=0,0,IF($B10=Háttér_listák!$B$122,Beruházási_ktg_input!$V10*Beruházási_ktg_input!AF10,"")) -> 17145000 | AM10: =IF($AE10=0,0,IF($B10=Háttér_listák!$B$122,Beruházási_ktg_input!$V10*Beruházási_ktg_input!AG10,"")) -> 0 | AN10: =IF($AE10=0,0,IF($B10=Háttér_listák!$B$122,Beruházási_ktg_input!$V10*Beruházási_ktg_input!AH10,"")) -> 0 | AO10: =IF($AE10=0,0,IF($B10=Háttér_listák!$B$122,Beruházási_ktg_input!$V10*Beruházási_ktg_input!AI10,"")) -> 0 | AP10: =IF($AE10=0,0,IF($B10=Háttér_listák!$B$122,Beruházási_ktg_input!$V10*Beruházási_ktg_input!AJ10,"")) -> 0 | AQ10: =IF($AE10=0,0,IF($B10=Háttér_listák!$B$122,Beruházási_ktg_input!$AD10*Beruházási_ktg_input!AF10,"")) -> 0 | AR10: =IF($AE10=0,0,IF($B10=Háttér_listák!$B$122,Beruházási_ktg_input!$AD10*Beruházási_ktg_input!AG10,"")) -> 0 | AS10: =IF($AE10=0,0,IF($B10=Háttér_listák!$B$122,Beruházási_ktg_input!$AD10*Beruházási_ktg_input!AH10,"")) -> 0 | AT10: =IF($AE10=0,0,IF($B10=Háttér_listák!$B$122,Beruházási_ktg_input!$AD10*Beruházási_ktg_input!AI10,"")) -> 0 | AU10: =IF($AE10=0,0,IF($B10=Háttér_listák!$B$122,Beruházási_ktg_input!$AD10*Beruházási_ktg_input!AJ10,"")) -> 0 | AV10: =IF($AE10=0,0,IF($B10=Háttér_listák!$B$122,($T10+$Y10)*AF10,"")) -> 13500000 | AW10: =IF($AE10=0,0,IF($B10=Háttér_listák!$B$122,($T10+$Y10)*AG10,"")) -> 0 | AX10: =IF($AE10=0,0,IF($B10=Háttér_listák!$B$122,($T10+$Y10)*AH10,"")) -> 0 | AY10: =IF($AE10=0,0,IF($B10=Háttér_listák!$B$122,($T10+$Y10)*AI10,"")) -> 0 | AZ10: =IF($AE10=0,0,IF($B10=Háttér_listák!$B$122,($T10+$Y10)*AJ10,"")) -> 0
B11: Alsor | C11: =IF(B11=Háttér_listák!$B$121,1,0) -> 0 | D11: =IF(C11=C10,D10,D10+1) -> 2 | E11: Műszaki dokumentáció költségei | F11: 0 | G11: Nem állami támogatás | I11: 1 | J11: 19000000 | K11: =IF(B11=Háttér_listák!$B$121,"",Beruházási_ktg_input!I11*Beruházási_ktg_input!J11) -> 19000000 | L11: =IF(B11=Háttér_listák!$B$121,SUMIF(Beruházási_ktg_input!D11:$D$107,Beruházási_ktg_input!D11+1,Beruházási_ktg_input!L11:$L$107),Beruházási_ktg_input!$K11) -> 19000000 | M11: 0.27 | N11: 5130000 | O11: =IF(B11=Háttér_listák!$B$121,SUMIF(Beruházási_ktg_input!$D12:D$107,Beruházási_ktg_input!D11+1,$O12:O$107),L11+N11) -> 24130000 | P11: 0 | Q11: Elszámolható költség | R11: Projektelőkészítés költségei | S11: Nem ÁFA visszaigénylő | T11: =IF($B11=Háttér_listák!$B$121,SUMIF($D12:D$107,D11+1,$T12:T$107),IF(Q11=Háttér_listák!$B$125,Beruházási_ktg_input!L11,0)) -> 19000000 | U11: =IF($B11=Háttér_listák!$B$121,SUMIF($D12:D$107,D11+1,$U12:U$107),IF(AND(Q11=Háttér_listák!$B$125,Beruházási_ktg_input!S11=Háttér_listák!$B$130,Főoldal!$C$15="Igen"),Beruházási_ktg_input!N11,0)) -> 5130000 | V11: =SUM(T11:U11) -> 24130000 | W11: =IF($B11=Háttér_listák!$B$121,SUMIF($D12:D$107,D11+1,$W12:W$107),IF(AND(Q11=Háttér_listák!$B$125,Beruházási_ktg_input!S11=Háttér_listák!$B$130,Főoldal!$C$15="Nem"),Beruházási_ktg_input!N11,0)) -> 0 | X11: =IF($B11=Háttér_listák!$B$121,SUMIF($D12:D$107,D11+1,$X12:X$107),IF(AND(Q11=Háttér_listák!$B$125,Beruházási_ktg_input!S11=Háttér_listák!$B$129),Beruházási_ktg_input!N11,0)) -> 0 | Y11: =IF($B11=Háttér_listák!$B$121,SUMIF($D12:D$107,D11+1,$Y12:Y$107),IF(Q11=Háttér_listák!$B$126,Beruházási_ktg_input!L11,0)) -> 0 | Z11: =IF($B11=Háttér_listák!$B$121,SUMIF($D12:D$107,D11+1,$Z12:Z$107),IF(AND(Q11=Háttér_listák!$B$126,Beruházási_ktg_input!S11=Háttér_listák!$B$129),Beruházási_ktg_input!N11,0)) -> 0 | AA11: =IF($B11=Háttér_listák!$B$121,SUMIF($D12:D$107,D11+1,$AA12:AA$107),IF(AND(Q11=Háttér_listák!$B$126,Beruházási_ktg_input!S11=Háttér_listák!$B$130),Beruházási_ktg_input!N11,0)) -> 0 | AB11: =Y11+AA11 -> 0 | AC11: =V11+AB11 -> 24130000 | AD11: =SUM(W11:AA11) -> 0 | AE11: =V11+AD11 -> 24130000 | AF11: 1 | AK11: =IF(SUM(AF11:AJ11)=0,"",IF(SUM(AF11:AJ11)=1,Háttér_listák!$B$133,Háttér_listák!$B$134)) -> Az ütemezés megfelelő! | AL11: =IF($AE11=0,0,IF($B11=Háttér_listák!$B$122,Beruházási_ktg_input!$V11*Beruházási_ktg_input!AF11,"")) -> 24130000 | AM11: =IF($AE11=0,0,IF($B11=Háttér_listák!$B$122,Beruházási_ktg_input!$V11*Beruházási_ktg_input!AG11,"")) -> 0 | AN11: =IF($AE11=0,0,IF($B11=Háttér_listák!$B$122,Beruházási_ktg_input!$V11*Beruházási_ktg_input!AH11,"")) -> 0 | AO11: =IF($AE11=0,0,IF($B11=Háttér_listák!$B$122,Beruházási_ktg_input!$V11*Beruházási_ktg_input!AI11,"")) -> 0 | AP11: =IF($AE11=0,0,IF($B11=Háttér_listák!$B$122,Beruházási_ktg_input!$V11*Beruházási_ktg_input!AJ11,"")) -> 0 | AQ11: =IF($AE11=0,0,IF($B11=Háttér_listák!$B$122,Beruházási_ktg_input!$AD11*Beruházási_ktg_input!AF11,"")) -> 0 | AR11: =IF($AE11=0,0,IF($B11=Háttér_listák!$B$122,Beruházási_ktg_input!$AD11*Beruházási_ktg_input!AG11,"")) -> 0 | AS11: =IF($AE11=0,0,IF($B11=Háttér_listák!$B$122,Beruházási_ktg_input!$AD11*Beruházási_ktg_input!AH11,"")) -> 0 | AT11: =IF($AE11=0,0,IF($B11=Háttér_listák!$B$122,Beruházási_ktg_input!$AD11*Beruházási_ktg_input!AI11,"")) -> 0 | AU11: =IF($AE11=0,0,IF($B11=Háttér_listák!$B$122,Beruházási_ktg_input!$AD11*Beruházási_ktg_input!AJ11,"")) -> 0 | AV11: =IF($AE11=0,0,IF($B11=Háttér_listák!$B$122,($T11+$Y11)*AF11,"")) -> 19000000 | AW11: =IF($AE11=0,0,IF($B11=Háttér_listák!$B$122,($T11+$Y11)*AG11,"")) -> 0 | AX11: =IF($AE11=0,0,IF($B11=Háttér_listák!$B$122,($T11+$Y11)*AH11,"")) -> 0 | AY11: =IF($AE11=0,0,IF($B11=Háttér_listák!$B$122,($T11+$Y11)*AI11,"")) -> 0 | AZ11: =IF($AE11=0,0,IF($B11=Háttér_listák!$B$122,($T11+$Y11)*AJ11,"")) -> 0
B12: Alsor | C12: =IF(B12=Háttér_listák!$B$121,1,0) -> 0 | D12: =IF(C12=C11,D11,D11+1) -> 2 | E12: Közbeszerzés költsége | F12: 0 | G12: Nem állami támogatás | I12: 1 | J12: 500000 | K12: =IF(B12=Háttér_listák!$B$121,"",Beruházási_ktg_input!I12*Beruházási_ktg_input!J12) -> 500000 | L12: =IF(B12=Háttér_listák!$B$121,SUMIF(Beruházási_ktg_input!D12:$D$107,Beruházási_ktg_input!D12+1,Beruházási_ktg_input!L12:$L$107),Beruházási_ktg_input!$K12) -> 500000 | M12: 0.27 | N12: 135000 | O12: =IF(B12=Háttér_listák!$B$121,SUMIF(Beruházási_ktg_input!$D13:D$107,Beruházási_ktg_input!D12+1,$O13:O$107),L12+N12) -> 635000 | P12: 0 | Q12: Elszámolható költség | R12: Projektelőkészítés költségei | S12: Nem ÁFA visszaigénylő | T12: =IF($B12=Háttér_listák!$B$121,SUMIF($D13:D$107,D12+1,$T13:T$107),IF(Q12=Háttér_listák!$B$125,Beruházási_ktg_input!L12,0)) -> 500000 | U12: =IF($B12=Háttér_listák!$B$121,SUMIF($D13:D$107,D12+1,$U13:U$107),IF(AND(Q12=Háttér_listák!$B$125,Beruházási_ktg_input!S12=Háttér_listák!$B$130,Főoldal!$C$15="Igen"),Beruházási_ktg_input!N12,0)) -> 135000 | V12: =SUM(T12:U12) -> 635000 | W12: =IF($B12=Háttér_listák!$B$121,SUMIF($D13:D$107,D12+1,$W13:W$107),IF(AND(Q12=Háttér_listák!$B$125,Beruházási_ktg_input!S12=Háttér_listák!$B$130,Főoldal!$C$15="Nem"),Beruházási_ktg_input!N12,0)) -> 0 | X12: =IF($B12=Háttér_listák!$B$121,SUMIF($D13:D$107,D12+1,$X13:X$107),IF(AND(Q12=Háttér_listák!$B$125,Beruházási_ktg_input!S12=Háttér_listák!$B$129),Beruházási_ktg_input!N12,0)) -> 0 | Y12: =IF($B12=Háttér_listák!$B$121,SUMIF($D13:D$107,D12+1,$Y13:Y$107),IF(Q12=Háttér_listák!$B$126,Beruházási_ktg_input!L12,0)) -> 0 | Z12: =IF($B12=Háttér_listák!$B$121,SUMIF($D13:D$107,D12+1,$Z13:Z$107),IF(AND(Q12=Háttér_listák!$B$126,Beruházási_ktg_input!S12=Háttér_listák!$B$129),Beruházási_ktg_input!N12,0)) -> 0 | AA12: =IF($B12=Háttér_listák!$B$121,SUMIF($D13:D$107,D12+1,$AA13:AA$107),IF(AND(Q12=Háttér_listák!$B$126,Beruházási_ktg_input!S12=Háttér_listák!$B$130),Beruházási_ktg_input!N12,0)) -> 0 | AB12: =Y12+AA12 -> 0 | AC12: =V12+AB12 -> 635000 | AD12: =SUM(W12:AA12) -> 0 | AE12: =V12+AD12 -> 635000 | AF12: 1 | AK12: =IF(SUM(AF12:AJ12)=0,"",IF(SUM(AF12:AJ12)=1,Háttér_listák!$B$133,Háttér_listák!$B$134)) -> Az ütemezés megfelelő! | AL12: =IF($AE12=0,0,IF($B12=Háttér_listák!$B$122,Beruházási_ktg_input!$V12*Beruházási_ktg_input!AF12,"")) -> 635000 | AM12: =IF($AE12=0,0,IF($B12=Háttér_listák!$B$122,Beruházási_ktg_input!$V12*Beruházási_ktg_input!AG12,"")) -> 0 | AN12: =IF($AE12=0,0,IF($B12=Háttér_listák!$B$122,Beruházási_ktg_input!$V12*Beruházási_ktg_input!AH12,"")) -> 0 | AO12: =IF($AE12=0,0,IF($B12=Háttér_listák!$B$122,Beruházási_ktg_input!$V12*Beruházási_ktg_input!AI12,"")) -> 0 | AP12: =IF($AE12=0,0,IF($B12=Háttér_listák!$B$122,Beruházási_ktg_input!$V12*Beruházási_ktg_input!AJ12,"")) -> 0 | AQ12: =IF($AE12=0,0,IF($B12=Háttér_listák!$B$122,Beruházási_ktg_input!$AD12*Beruházási_ktg_input!AF12,"")) -> 0 | AR12: =IF($AE12=0,0,IF($B12=Háttér_listák!$B$122,Beruházási_ktg_input!$AD12*Beruházási_ktg_input!AG12,"")) -> 0 | AS12: =IF($AE12=0,0,IF($B12=Háttér_listák!$B$122,Beruházási_ktg_input!$AD12*Beruházási_ktg_input!AH12,"")) -> 0 | AT12: =IF($AE12=0,0,IF($B12=Háttér_listák!$B$122,Beruházási_ktg_input!$AD12*Beruházási_ktg_input!AI12,"")) -> 0 | AU12: =IF($AE12=0,0,IF($B12=Háttér_listák!$B$122,Beruházási_ktg_input!$AD12*Beruházási_ktg_input!AJ12,"")) -> 0 | AV12: =IF($AE12=0,0,IF($B12=Háttér_listák!$B$122,($T12+$Y12)*AF12,"")) -> 500000 | AW12: =IF($AE12=0,0,IF($B12=Háttér_listák!$B$122,($T12+$Y12)*AG12,"")) -> 0 | AX12: =IF($AE12=0,0,IF($B12=Háttér_listák!$B$122,($T12+$Y12)*AH12,"")) -> 0 | AY12: =IF($AE12=0,0,IF($B12=Háttér_listák!$B$122,($T12+$Y12)*AI12,"")) -> 0 | AZ12: =IF($AE12=0,0,IF($B12=Háttér_listák!$B$122,($T12+$Y12)*AJ12,"")) -> 0
B13: Alsor | C13: =IF(B13=Háttér_listák!$B$121,1,0) -> 0 | D13: =IF(C13=C12,D12,D12+1) -> 2 | E13: Egyéb | F13: 0 | G13: Nem állami támogatás | I13: 1 | J13: 500000 | K13: =IF(B13=Háttér_listák!$B$121,"",Beruházási_ktg_input!I13*Beruházási_ktg_input!J13) -> 500000 | L13: =IF(B13=Háttér_listák!$B$121,SUMIF(Beruházási_ktg_input!D13:$D$107,Beruházási_ktg_input!D13+1,Beruházási_ktg_input!L13:$L$107),Beruházási_ktg_input!$K13) -> 500000 | M13: 0.27 | N13: 135000 | O13: =IF(B13=Háttér_listák!$B$121,SUMIF(Beruházási_ktg_input!$D14:D$107,Beruházási_ktg_input!D13+1,$O14:O$107),L13+N13) -> 635000 | P13: 0 | Q13: Elszámolható költség | R13: Projektelőkészítés költségei | S13: Nem ÁFA visszaigénylő | T13: =IF($B13=Háttér_listák!$B$121,SUMIF($D14:D$107,D13+1,$T14:T$107),IF(Q13=Háttér_listák!$B$125,Beruházási_ktg_input!L13,0)) -> 500000 | U13: =IF($B13=Háttér_listák!$B$121,SUMIF($D14:D$107,D13+1,$U14:U$107),IF(AND(Q13=Háttér_listák!$B$125,Beruházási_ktg_input!S13=Háttér_listák!$B$130,Főoldal!$C$15="Igen"),Beruházási_ktg_input!N13,0)) -> 135000 | V13: =SUM(T13:U13) -> 635000 | W13: =IF($B13=Háttér_listák!$B$121,SUMIF($D14:D$107,D13+1,$W14:W$107),IF(AND(Q13=Háttér_listák!$B$125,Beruházási_ktg_input!S13=Háttér_listák!$B$130,Főoldal!$C$15="Nem"),Beruházási_ktg_input!N13,0)) -> 0 | X13: =IF($B13=Háttér_listák!$B$121,SUMIF($D14:D$107,D13+1,$X14:X$107),IF(AND(Q13=Háttér_listák!$B$125,Beruházási_ktg_input!S13=Háttér_listák!$B$129),Beruházási_ktg_input!N13,0)) -> 0 | Y13: =IF($B13=Háttér_listák!$B$121,SUMIF($D14:D$107,D13+1,$Y14:Y$107),IF(Q13=Háttér_listák!$B$126,Beruházási_ktg_input!L13,0)) -> 0 | Z13: =IF($B13=Háttér_listák!$B$121,SUMIF($D14:D$107,D13+1,$Z14:Z$107),IF(AND(Q13=Háttér_listák!$B$126,Beruházási_ktg_input!S13=Háttér_listák!$B$129),Beruházási_ktg_input!N13,0)) -> 0 | AA13: =IF($B13=Háttér_listák!$B$121,SUMIF($D14:D$107,D13+1,$AA14:AA$107),IF(AND(Q13=Háttér_listák!$B$126,Beruházási_ktg_input!S13=Háttér_listák!$B$130),Beruházási_ktg_input!N13,0)) -> 0 | AB13: =Y13+AA13 -> 0 | AC13: =V13+AB13 -> 635000 | AD13: =SUM(W13:AA13) -> 0 | AE13: =V13+AD13 -> 635000 | AF13: 1 | AK13: =IF(SUM(AF13:AJ13)=0,"",IF(SUM(AF13:AJ13)=1,Háttér_listák!$B$133,Háttér_listák!$B$134)) -> Az ütemezés megfelelő! | AL13: =IF($AE13=0,0,IF($B13=Háttér_listák!$B$122,Beruházási_ktg_input!$V13*Beruházási_ktg_input!AF13,"")) -> 635000 | AM13: =IF($AE13=0,0,IF($B13=Háttér_listák!$B$122,Beruházási_ktg_input!$V13*Beruházási_ktg_input!AG13,"")) -> 0 | AN13: =IF($AE13=0,0,IF($B13=Háttér_listák!$B$122,Beruházási_ktg_input!$V13*Beruházási_ktg_input!AH13,"")) -> 0 | AO13: =IF($AE13=0,0,IF($B13=Háttér_listák!$B$122,Beruházási_ktg_input!$V13*Beruházási_ktg_input!AI13,"")) -> 0 | AP13: =IF($AE13=0,0,IF($B13=Háttér_listák!$B$122,Beruházási_ktg_input!$V13*Beruházási_ktg_input!AJ13,"")) -> 0 | AQ13: =IF($AE13=0,0,IF($B13=Háttér_listák!$B$122,Beruházási_ktg_input!$AD13*Beruházási_ktg_input!AF13,"")) -> 0 | AR13: =IF($AE13=0,0,IF($B13=Háttér_listák!$B$122,Beruházási_ktg_input!$AD13*Beruházási_ktg_input!AG13,"")) -> 0 | AS13: =IF($AE13=0,0,IF($B13=Háttér_listák!$B$122,Beruházási_ktg_input!$AD13*Beruházási_ktg_input!AH13,"")) -> 0 | AT13: =IF($AE13=0,0,IF($B13=Háttér_listák!$B$122,Beruházási_ktg_input!$AD13*Beruházási_ktg_input!AI13,"")) -> 0 | AU13: =IF($AE13=0,0,IF($B13=Háttér_listák!$B$122,Beruházási_ktg_input!$AD13*Beruházási_ktg_input!AJ13,"")) -> 0 | AV13: =IF($AE13=0,0,IF($B13=Háttér_listák!$B$122,($T13+$Y13)*AF13,"")) -> 500000 | AW13: =IF($AE13=0,0,IF($B13=Háttér_listák!$B$122,($T13+$Y13)*AG13,"")) -> 0 | AX13: =IF($AE13=0,0,IF($B13=Háttér_listák!$B$122,($T13+$Y13)*AH13,"")) -> 0 | AY13: =IF($AE13=0,0,IF($B13=Háttér_listák!$B$122,($T13+$Y13)*AI13,"")) -> 0 | AZ13: =IF($AE13=0,0,IF($B13=Háttér_listák!$B$122,($T13+$Y13)*AJ13,"")) -> 0
B14: Fősor | C14: =IF(B14=Háttér_listák!$B$121,1,0) -> 1 | D14: =IF(C14=C13,D13,D13+1) -> 3 | E14: Beruházáshoz kapcsolódó költségek | G14: nem releváns | K14: =IF(B14=Háttér_listák!$B$121,"",Beruházási_ktg_input!I14*Beruházási_ktg_input!J14) | L14: =IF(B14=Háttér_listák!$B$121,SUMIF(Beruházási_ktg_input!D14:$D$107,Beruházási_ktg_input!D14+1,Beruházási_ktg_input!L14:$L$107),Beruházási_ktg_input!$K14) -> 297500000 | O14: =IF(B14=Háttér_listák!$B$121,SUMIF(Beruházási_ktg_input!$D15:D$107,Beruházási_ktg_input!D14+1,$O15:O$107),L14+N14) -> 377825000 | T14: =IF($B14=Háttér_listák!$B$121,SUMIF($D15:D$107,D14+1,$T15:T$107),IF(Q14=Háttér_listák!$B$125,Beruházási_ktg_input!L14,0)) -> 297500000 | U14: =IF($B14=Háttér_listák!$B$121,SUMIF($D15:D$107,D14+1,$U15:U$107),IF(AND(Q14=Háttér_listák!$B$125,Beruházási_ktg_input!S14=Háttér_listák!$B$130,Főoldal!$C$15="Igen"),Beruházási_ktg_input!N14,0)) -> 80325000 | V14: =SUM(T14:U14) -> 377825000 | W14: =IF($B14=Háttér_listák!$B$121,SUMIF($D15:D$107,D14+1,$W15:W$107),IF(AND(Q14=Háttér_listák!$B$125,Beruházási_ktg_input!S14=Háttér_listák!$B$130,Főoldal!$C$15="Nem"),Beruházási_ktg_input!N14,0)) -> 0 | X14: =IF($B14=Háttér_listák!$B$121,SUMIF($D15:D$107,D14+1,$X15:X$107),IF(AND(Q14=Háttér_listák!$B$125,Beruházási_ktg_input!S14=Háttér_listák!$B$129),Beruházási_ktg_input!N14,0)) -> 0 | Y14: =IF($B14=Háttér_listák!$B$121,SUMIF($D15:D$107,D14+1,$Y15:Y$107),IF(Q14=Háttér_listák!$B$126,Beruházási_ktg_input!L14,0)) -> 0 | Z14: =IF($B14=Háttér_listák!$B$121,SUMIF($D15:D$107,D14+1,$Z15:Z$107),IF(AND(Q14=Háttér_listák!$B$126,Beruházási_ktg_input!S14=Háttér_listák!$B$129),Beruházási_ktg_input!N14,0)) -> 0 | AA14: =IF($B14=Háttér_listák!$B$121,SUMIF($D15:D$107,D14+1,$AA15:AA$107),IF(AND(Q14=Háttér_listák!$B$126,Beruházási_ktg_input!S14=Háttér_listák!$B$130),Beruházási_ktg_input!N14,0)) -> 0 | AB14: =Y14+AA14 -> 0 | AC14: =V14+AB14 -> 377825000 | AD14: =SUM(W14:AA14) -> 0 | AE14: =V14+AD14 -> 377825000 | AK14: =IF(SUM(AF14:AJ14)=0,"",IF(SUM(AF14:AJ14)=1,Háttér_listák!$B$133,Háttér_listák!$B$134)) | AL14: =IF($AE14=0,0,IF($B14=Háttér_listák!$B$122,Beruházási_ktg_input!$V14*Beruházási_ktg_input!AF14,"")) | AM14: =IF($AE14=0,0,IF($B14=Háttér_listák!$B$122,Beruházási_ktg_input!$V14*Beruházási_ktg_input!AG14,"")) | AN14: =IF($AE14=0,0,IF($B14=Háttér_listák!$B$122,Beruházási_ktg_input!$V14*Beruházási_ktg_input!AH14,"")) | AO14: =IF($AE14=0,0,IF($B14=Háttér_listák!$B$122,Beruházási_ktg_input!$V14*Beruházási_ktg_input!AI14,"")) | AP14: =IF($AE14=0,0,IF($B14=Háttér_listák!$B$122,Beruházási_ktg_input!$V14*Beruházási_ktg_input!AJ14,"")) | AQ14: =IF($AE14=0,0,IF($B14=Háttér_listák!$B$122,Beruházási_ktg_input!$AD14*Beruházási_ktg_input!AF14,"")) | AR14: =IF($AE14=0,0,IF($B14=Háttér_listák!$B$122,Beruházási_ktg_input!$AD14*Beruházási_ktg_input!AG14,"")) | AS14: =IF($AE14=0,0,IF($B14=Háttér_listák!$B$122,Beruházási_ktg_input!$AD14*Beruházási_ktg_input!AH14,"")) | AT14: =IF($AE14=0,0,IF($B14=Háttér_listák!$B$122,Beruházási_ktg_input!$AD14*Beruházási_ktg_input!AI14,"")) | AU14: =IF($AE14=0,0,IF($B14=Háttér_listák!$B$122,Beruházási_ktg_input!$AD14*Beruházási_ktg_input!AJ14,"")) | AV14: =IF($AE14=0,0,IF($B14=Háttér_listák!$B$122,($T14+$Y14)*AF14,"")) | AW14: =IF($AE14=0,0,IF($B14=Háttér_listák!$B$122,($T14+$Y14)*AG14,"")) | AX14: =IF($AE14=0,0,IF($B14=Háttér_listák!$B$122,($T14+$Y14)*AH14,"")) | AY14: =IF($AE14=0,0,IF($B14=Háttér_listák!$B$122,($T14+$Y14)*AI14,"")) | AZ14: =IF($AE14=0,0,IF($B14=Háttér_listák!$B$122,($T14+$Y14)*AJ14,""))
B15: Alsor | C15: =IF(B15=Háttér_listák!$B$121,1,0) -> 0 | D15: =IF(C15=C14,D14,D14+1) -> 4 | E15: Beruh1 | F15: 50 | G15: Elektromos- vagy hidrogéntöltő infrastruktúrához nyújtott beruházási támogatás, csekély összegű támogatás | I15: 1 | J15: 142500000 | K15: =IF(B15=Háttér_listák!$B$121,"",Beruházási_ktg_input!I15*Beruházási_ktg_input!J15) -> 142500000 | L15: =IF(B15=Háttér_listák!$B$121,SUMIF(Beruházási_ktg_input!D15:$D$107,Beruházási_ktg_input!D15+1,Beruházási_ktg_input!L15:$L$107),Beruházási_ktg_input!$K15) -> 142500000 | M15: 0.27 | N15: 38475000 | O15: =IF(B15=Háttér_listák!$B$121,SUMIF(Beruházási_ktg_input!$D18:D$107,Beruházási_ktg_input!D15+1,$O18:O$107),L15+N15) -> 180975000 | P15: 62700000 | Q15: Elszámolható költség | R15: Beruházáshoz kapcsolódó költségek | S15: Nem ÁFA visszaigénylő | T15: =IF($B15=Háttér_listák!$B$121,SUMIF($D18:D$107,D15+1,$T18:T$107),IF(Q15=Háttér_listák!$B$125,Beruházási_ktg_input!L15,0)) -> 142500000 | U15: =IF($B15=Háttér_listák!$B$121,SUMIF($D18:D$107,D15+1,$U18:U$107),IF(AND(Q15=Háttér_listák!$B$125,Beruházási_ktg_input!S15=Háttér_listák!$B$130,Főoldal!$C$15="Igen"),Beruházási_ktg_input!N15,0)) -> 38475000 | V15: =SUM(T15:U15) -> 180975000 | W15: =IF($B15=Háttér_listák!$B$121,SUMIF($D18:D$107,D15+1,$W18:W$107),IF(AND(Q15=Háttér_listák!$B$125,Beruházási_ktg_input!S15=Háttér_listák!$B$130,Főoldal!$C$15="Nem"),Beruházási_ktg_input!N15,0)) -> 0 | X15: =IF($B15=Háttér_listák!$B$121,SUMIF($D18:D$107,D15+1,$X18:X$107),IF(AND(Q15=Háttér_listák!$B$125,Beruházási_ktg_input!S15=Háttér_listák!$B$129),Beruházási_ktg_input!N15,0)) -> 0 | Y15: =IF($B15=Háttér_listák!$B$121,SUMIF($D18:D$107,D15+1,$Y18:Y$107),IF(Q15=Háttér_listák!$B$126,Beruházási_ktg_input!L15,0)) -> 0 | Z15: =IF($B15=Háttér_listák!$B$121,SUMIF($D18:D$107,D15+1,$Z18:Z$107),IF(AND(Q15=Háttér_listák!$B$126,Beruházási_ktg_input!S15=Háttér_listák!$B$129),Beruházási_ktg_input!N15,0)) -> 0 | AA15: =IF($B15=Háttér_listák!$B$121,SUMIF($D18:D$107,D15+1,$AA18:AA$107),IF(AND(Q15=Háttér_listák!$B$126,Beruházási_ktg_input!S15=Háttér_listák!$B$130),Beruházási_ktg_input!N15,0)) -> 0 | AB15: =Y15+AA15 -> 0 | AC15: =V15+AB15 -> 180975000 | AD15: =SUM(W15:AA15) -> 0 | AE15: =V15+AD15 -> 180975000 | AF15: 1 | AK15: =IF(SUM(AF15:AJ15)=0,"",IF(SUM(AF15:AJ15)=1,Háttér_listák!$B$133,Háttér_listák!$B$134)) -> Az ütemezés megfelelő! | AL15: =IF($AE15=0,0,IF($B15=Háttér_listák!$B$122,Beruházási_ktg_input!$V15*Beruházási_ktg_input!AF15,"")) -> 180975000 | AM15: =IF($AE15=0,0,IF($B15=Háttér_listák!$B$122,Beruházási_ktg_input!$V15*Beruházási_ktg_input!AG15,"")) -> 0 | AN15: =IF($AE15=0,0,IF($B15=Háttér_listák!$B$122,Beruházási_ktg_input!$V15*Beruházási_ktg_input!AH15,"")) -> 0 | AO15: =IF($AE15=0,0,IF($B15=Háttér_listák!$B$122,Beruházási_ktg_input!$V15*Beruházási_ktg_input!AI15,"")) -> 0 | AP15: =IF($AE15=0,0,IF($B15=Háttér_listák!$B$122,Beruházási_ktg_input!$V15*Beruházási_ktg_input!AJ15,"")) -> 0 | AQ15: =IF($AE15=0,0,IF($B15=Háttér_listák!$B$122,Beruházási_ktg_input!$AD15*Beruházási_ktg_input!AF15,"")) -> 0 | AR15: =IF($AE15=0,0,IF($B15=Háttér_listák!$B$122,Beruházási_ktg_input!$AD15*Beruházási_ktg_input!AG15,"")) -> 0 | AS15: =IF($AE15=0,0,IF($B15=Háttér_listák!$B$122,Beruházási_ktg_input!$AD15*Beruházási_ktg_input!AH15,"")) -> 0 | AT15: =IF($AE15=0,0,IF($B15=Háttér_listák!$B$122,Beruházási_ktg_input!$AD15*Beruházási_ktg_input!AI15,"")) -> 0 | AU15: =IF($AE15=0,0,IF($B15=Háttér_listák!$B$122,Beruházási_ktg_input!$AD15*Beruházási_ktg_input!AJ15,"")) -> 0 | AV15: =IF($AE15=0,0,IF($B15=Háttér_listák!$B$122,($T15+$Y15)*AF15,"")) -> 142500000 | AW15: =IF($AE15=0,0,IF($B15=Háttér_listák!$B$122,($T15+$Y15)*AG15,"")) -> 0 | AX15: =IF($AE15=0,0,IF($B15=Háttér_listák!$B$122,($T15+$Y15)*AH15,"")) -> 0 | AY15: =IF($AE15=0,0,IF($B15=Háttér_listák!$B$122,($T15+$Y15)*AI15,"")) -> 0 | AZ15: =IF($AE15=0,0,IF($B15=Háttér_listák!$B$122,($T15+$Y15)*AJ15,"")) -> 0
B16: Alsor | C16: =IF(B16=Háttér_listák!$B$121,1,0) -> 0 | D16: =IF(C16=C15,D15,D15+1) -> 4 | E16: Beruh2 | F16: 50 | G16: Regionális beruházási támogatás | I16: 1 | J16: 70000000 | K16: =IF(B16=Háttér_listák!$B$121,"",Beruházási_ktg_input!I16*Beruházási_ktg_input!J16) -> 70000000 | L16: =IF(B16=Háttér_listák!$B$121,SUMIF(Beruházási_ktg_input!D16:$D$107,Beruházási_ktg_input!D16+1,Beruházási_ktg_input!L16:$L$107),Beruházási_ktg_input!$K16) -> 70000000 | M16: 0.27 | N16: 18900000 | O16: =IF(B16=Háttér_listák!$B$121,SUMIF(Beruházási_ktg_input!$D19:D$107,Beruházási_ktg_input!D16+1,$O19:O$107),L16+N16) -> 88900000 | P16: 30800000 | Q16: Elszámolható költség | R16: Beruházáshoz kapcsolódó költségek | S16: Nem ÁFA visszaigénylő | T16: =IF($B16=Háttér_listák!$B$121,SUMIF($D19:D$107,D16+1,$T19:T$107),IF(Q16=Háttér_listák!$B$125,Beruházási_ktg_input!L16,0)) -> 70000000 | U16: =IF($B16=Háttér_listák!$B$121,SUMIF($D19:D$107,D16+1,$U19:U$107),IF(AND(Q16=Háttér_listák!$B$125,Beruházási_ktg_input!S16=Háttér_listák!$B$130,Főoldal!$C$15="Igen"),Beruházási_ktg_input!N16,0)) -> 18900000 | V16: =SUM(T16:U16) -> 88900000 | W16: =IF($B16=Háttér_listák!$B$121,SUMIF($D19:D$107,D16+1,$W19:W$107),IF(AND(Q16=Háttér_listák!$B$125,Beruházási_ktg_input!S16=Háttér_listák!$B$130,Főoldal!$C$15="Nem"),Beruházási_ktg_input!N16,0)) -> 0 | X16: =IF($B16=Háttér_listák!$B$121,SUMIF($D19:D$107,D16+1,$X19:X$107),IF(AND(Q16=Háttér_listák!$B$125,Beruházási_ktg_input!S16=Háttér_listák!$B$129),Beruházási_ktg_input!N16,0)) -> 0 | Y16: =IF($B16=Háttér_listák!$B$121,SUMIF($D19:D$107,D16+1,$Y19:Y$107),IF(Q16=Háttér_listák!$B$126,Beruházási_ktg_input!L16,0)) -> 0 | Z16: =IF($B16=Háttér_listák!$B$121,SUMIF($D19:D$107,D16+1,$Z19:Z$107),IF(AND(Q16=Háttér_listák!$B$126,Beruházási_ktg_input!S16=Háttér_listák!$B$129),Beruházási_ktg_input!N16,0)) -> 0 | AA16: =IF($B16=Háttér_listák!$B$121,SUMIF($D19:D$107,D16+1,$AA19:AA$107),IF(AND(Q16=Háttér_listák!$B$126,Beruházási_ktg_input!S16=Háttér_listák!$B$130),Beruházási_ktg_input!N16,0)) -> 0 | AB16: =Y16+AA16 -> 0 | AC16: =V16+AB16 -> 88900000 | AD16: =SUM(W16:AA16) -> 0 | AE16: =V16+AD16 -> 88900000 | AF16: 1 | AK16: =IF(SUM(AF16:AJ16)=0,"",IF(SUM(AF16:AJ16)=1,Háttér_listák!$B$133,Háttér_listák!$B$134)) -> Az ütemezés megfelelő! | AL16: =IF($AE16=0,0,IF($B16=Háttér_listák!$B$122,Beruházási_ktg_input!$V16*Beruházási_ktg_input!AF16,"")) -> 88900000 | AM16: =IF($AE16=0,0,IF($B16=Háttér_listák!$B$122,Beruházási_ktg_input!$V16*Beruházási_ktg_input!AG16,"")) -> 0 | AN16: =IF($AE16=0,0,IF($B16=Háttér_listák!$B$122,Beruházási_ktg_input!$V16*Beruházási_ktg_input!AH16,"")) -> 0 | AO16: =IF($AE16=0,0,IF($B16=Háttér_listák!$B$122,Beruházási_ktg_input!$V16*Beruházási_ktg_input!AI16,"")) -> 0 | AP16: =IF($AE16=0,0,IF($B16=Háttér_listák!$B$122,Beruházási_ktg_input!$V16*Beruházási_ktg_input!AJ16,"")) -> 0 | AQ16: =IF($AE16=0,0,IF($B16=Háttér_listák!$B$122,Beruházási_ktg_input!$AD16*Beruházási_ktg_input!AF16,"")) -> 0 | AR16: =IF($AE16=0,0,IF($B16=Háttér_listák!$B$122,Beruházási_ktg_input!$AD16*Beruházási_ktg_input!AG16,"")) -> 0 | AS16: =IF($AE16=0,0,IF($B16=Háttér_listák!$B$122,Beruházási_ktg_input!$AD16*Beruházási_ktg_input!AH16,"")) -> 0 | AT16: =IF($AE16=0,0,IF($B16=Háttér_listák!$B$122,Beruházási_ktg_input!$AD16*Beruházási_ktg_input!AI16,"")) -> 0 | AU16: =IF($AE16=0,0,IF($B16=Háttér_listák!$B$122,Beruházási_ktg_input!$AD16*Beruházási_ktg_input!AJ16,"")) -> 0 | AV16: =IF($AE16=0,0,IF($B16=Háttér_listák!$B$122,($T16+$Y16)*AF16,"")) -> 70000000 | AW16: =IF($AE16=0,0,IF($B16=Háttér_listák!$B$122,($T16+$Y16)*AG16,"")) -> 0 | AX16: =IF($AE16=0,0,IF($B16=Háttér_listák!$B$122,($T16+$Y16)*AH16,"")) -> 0 | AY16: =IF($AE16=0,0,IF($B16=Háttér_listák!$B$122,($T16+$Y16)*AI16,"")) -> 0 | AZ16: =IF($AE16=0,0,IF($B16=Háttér_listák!$B$122,($T16+$Y16)*AJ16,"")) -> 0
B17: Alsor | C17: =IF(B17=Háttér_listák!$B$121,1,0) -> 0 | D17: =IF(C17=C16,D16,D16+1) -> 4 | E17: Beruh3 | F17: 50 | G17: Környezeti károk helyreállítása - az éghajlatváltozáshoz való alkalmazkodásra és annak mérséklésére szolgáló természetalapú megoldások megvalósításához nyújtott támogatás esetén | I17: 1 | J17: 85000000 | K17: =IF(B17=Háttér_listák!$B$121,"",Beruházási_ktg_input!I17*Beruházási_ktg_input!J17) -> 85000000 | L17: =IF(B17=Háttér_listák!$B$121,SUMIF(Beruházási_ktg_input!D17:$D$107,Beruházási_ktg_input!D17+1,Beruházási_ktg_input!L17:$L$107),Beruházási_ktg_input!$K17) -> 85000000 | M17: 0.27 | N17: 22950000 | O17: =IF(B17=Háttér_listák!$B$121,SUMIF(Beruházási_ktg_input!$D20:D$107,Beruházási_ktg_input!D17+1,$O20:O$107),L17+N17) -> 107950000 | P17: 37400000 | Q17: Elszámolható költség | R17: Beruházáshoz kapcsolódó költségek | S17: Nem ÁFA visszaigénylő | T17: =IF($B17=Háttér_listák!$B$121,SUMIF($D20:D$107,D17+1,$T20:T$107),IF(Q17=Háttér_listák!$B$125,Beruházási_ktg_input!L17,0)) -> 85000000 | U17: =IF($B17=Háttér_listák!$B$121,SUMIF($D20:D$107,D17+1,$U20:U$107),IF(AND(Q17=Háttér_listák!$B$125,Beruházási_ktg_input!S17=Háttér_listák!$B$130,Főoldal!$C$15="Igen"),Beruházási_ktg_input!N17,0)) -> 22950000 | V17: =SUM(T17:U17) -> 107950000 | W17: =IF($B17=Háttér_listák!$B$121,SUMIF($D20:D$107,D17+1,$W20:W$107),IF(AND(Q17=Háttér_listák!$B$125,Beruházási_ktg_input!S17=Háttér_listák!$B$130,Főoldal!$C$15="Nem"),Beruházási_ktg_input!N17,0)) -> 0 | X17: =IF($B17=Háttér_listák!$B$121,SUMIF($D20:D$107,D17+1,$X20:X$107),IF(AND(Q17=Háttér_listák!$B$125,Beruházási_ktg_input!S17=Háttér_listák!$B$129),Beruházási_ktg_input!N17,0)) -> 0 | Y17: =IF($B17=Háttér_listák!$B$121,SUMIF($D20:D$107,D17+1,$Y20:Y$107),IF(Q17=Háttér_listák!$B$126,Beruházási_ktg_input!L17,0)) -> 0 | Z17: =IF($B17=Háttér_listák!$B$121,SUMIF($D20:D$107,D17+1,$Z20:Z$107),IF(AND(Q17=Háttér_listák!$B$126,Beruházási_ktg_input!S17=Háttér_listák!$B$129),Beruházási_ktg_input!N17,0)) -> 0 | AA17: =IF($B17=Háttér_listák!$B$121,SUMIF($D20:D$107,D17+1,$AA20:AA$107),IF(AND(Q17=Háttér_listák!$B$126,Beruházási_ktg_input!S17=Háttér_listák!$B$130),Beruházási_ktg_input!N17,0)) -> 0 | AB17: =Y17+AA17 -> 0 | AC17: =V17+AB17 -> 107950000 | AD17: =SUM(W17:AA17) -> 0 | AE17: =V17+AD17 -> 107950000 | AF17: 1 | AK17: =IF(SUM(AF17:AJ17)=0,"",IF(SUM(AF17:AJ17)=1,Háttér_listák!$B$133,Háttér_listák!$B$134)) -> Az ütemezés megfelelő! | AL17: =IF($AE17=0,0,IF($B17=Háttér_listák!$B$122,Beruházási_ktg_input!$V17*Beruházási_ktg_input!AF17,"")) -> 107950000 | AM17: =IF($AE17=0,0,IF($B17=Háttér_listák!$B$122,Beruházási_ktg_input!$V17*Beruházási_ktg_input!AG17,"")) -> 0 | AN17: =IF($AE17=0,0,IF($B17=Háttér_listák!$B$122,Beruházási_ktg_input!$V17*Beruházási_ktg_input!AH17,"")) -> 0 | AO17: =IF($AE17=0,0,IF($B17=Háttér_listák!$B$122,Beruházási_ktg_input!$V17*Beruházási_ktg_input!AI17,"")) -> 0 | AP17: =IF($AE17=0,0,IF($B17=Háttér_listák!$B$122,Beruházási_ktg_input!$V17*Beruházási_ktg_input!AJ17,"")) -> 0 | AQ17: =IF($AE17=0,0,IF($B17=Háttér_listák!$B$122,Beruházási_ktg_input!$AD17*Beruházási_ktg_input!AF17,"")) -> 0 | AR17: =IF($AE17=0,0,IF($B17=Háttér_listák!$B$122,Beruházási_ktg_input!$AD17*Beruházási_ktg_input!AG17,"")) -> 0 | AS17: =IF($AE17=0,0,IF($B17=Háttér_listák!$B$122,Beruházási_ktg_input!$AD17*Beruházási_ktg_input!AH17,"")) -> 0 | AT17: =IF($AE17=0,0,IF($B17=Háttér_listák!$B$122,Beruházási_ktg_input!$AD17*Beruházási_ktg_input!AI17,"")) -> 0 | AU17: =IF($AE17=0,0,IF($B17=Háttér_listák!$B$122,Beruházási_ktg_input!$AD17*Beruházási_ktg_input!AJ17,"")) -> 0 | AV17: =IF($AE17=0,0,IF($B17=Háttér_listák!$B$122,($T17+$Y17)*AF17,"")) -> 85000000 | AW17: =IF($AE17=0,0,IF($B17=Háttér_listák!$B$122,($T17+$Y17)*AG17,"")) -> 0 | AX17: =IF($AE17=0,0,IF($B17=Háttér_listák!$B$122,($T17+$Y17)*AH17,"")) -> 0 | AY17: =IF($AE17=0,0,IF($B17=Háttér_listák!$B$122,($T17+$Y17)*AI17,"")) -> 0 | AZ17: =IF($AE17=0,0,IF($B17=Háttér_listák!$B$122,($T17+$Y17)*AJ17,"")) -> 0
B18: Fősor | C18: =IF(B18=Háttér_listák!$B$121,1,0) -> 1 | D18: =IF(C18=C15,D15,D15+1) -> 5 | E18: Szakmai megvalósításhoz kapcsolódó egyéb költségek | G18: nem releváns | K18: =IF(B18=Háttér_listák!$B$121,"",Beruházási_ktg_input!I18*Beruházási_ktg_input!J18) | L18: =IF(B18=Háttér_listák!$B$121,SUMIF(Beruházási_ktg_input!D18:$D$107,Beruházási_ktg_input!D18+1,Beruházási_ktg_input!L18:$L$107),Beruházási_ktg_input!$K18) -> 20700000 | O18: =IF(B18=Háttér_listák!$B$121,SUMIF(Beruházási_ktg_input!$D19:D$107,Beruházási_ktg_input!D18+1,$O19:O$107),L18+N18) -> 26844769 | T18: =IF($B18=Háttér_listák!$B$121,SUMIF($D19:D$107,D18+1,$T19:T$107),IF(Q18=Háttér_listák!$B$125,Beruházási_ktg_input!L18,0)) -> 20700000 | U18: =IF($B18=Háttér_listák!$B$121,SUMIF($D19:D$107,D18+1,$U19:U$107),IF(AND(Q18=Háttér_listák!$B$125,Beruházási_ktg_input!S18=Háttér_listák!$B$130,Főoldal!$C$15="Igen"),Beruházási_ktg_input!N18,0)) -> 6144769 | V18: =SUM(T18:U18) -> 26844769 | W18: =IF($B18=Háttér_listák!$B$121,SUMIF($D19:D$107,D18+1,$W19:W$107),IF(AND(Q18=Háttér_listák!$B$125,Beruházási_ktg_input!S18=Háttér_listák!$B$130,Főoldal!$C$15="Nem"),Beruházási_ktg_input!N18,0)) -> 0 | X18: =IF($B18=Háttér_listák!$B$121,SUMIF($D19:D$107,D18+1,$X19:X$107),IF(AND(Q18=Háttér_listák!$B$125,Beruházási_ktg_input!S18=Háttér_listák!$B$129),Beruházási_ktg_input!N18,0)) -> 0 | Y18: =IF($B18=Háttér_listák!$B$121,SUMIF($D19:D$107,D18+1,$Y19:Y$107),IF(Q18=Háttér_listák!$B$126,Beruházási_ktg_input!L18,0)) -> 0 | Z18: =IF($B18=Háttér_listák!$B$121,SUMIF($D19:D$107,D18+1,$Z19:Z$107),IF(AND(Q18=Háttér_listák!$B$126,Beruházási_ktg_input!S18=Háttér_listák!$B$129),Beruházási_ktg_input!N18,0)) -> 0 | AA18: =IF($B18=Háttér_listák!$B$121,SUMIF($D19:D$107,D18+1,$AA19:AA$107),IF(AND(Q18=Háttér_listák!$B$126,Beruházási_ktg_input!S18=Háttér_listák!$B$130),Beruházási_ktg_input!N18,0)) -> 0 | AB18: =Y18+AA18 -> 0 | AC18: =V18+AB18 -> 26844769 | AD18: =SUM(W18:AA18) -> 0 | AE18: =V18+AD18 -> 26844769 | AK18: =IF(SUM(AF18:AJ18)=0,"",IF(SUM(AF18:AJ18)=1,Háttér_listák!$B$133,Háttér_listák!$B$134)) | AL18: =IF($AE18=0,0,IF($B18=Háttér_listák!$B$122,Beruházási_ktg_input!$V18*Beruházási_ktg_input!AF18,"")) | AM18: =IF($AE18=0,0,IF($B18=Háttér_listák!$B$122,Beruházási_ktg_input!$V18*Beruházási_ktg_input!AG18,"")) | AN18: =IF($AE18=0,0,IF($B18=Háttér_listák!$B$122,Beruházási_ktg_input!$V18*Beruházási_ktg_input!AH18,"")) | AO18: =IF($AE18=0,0,IF($B18=Háttér_listák!$B$122,Beruházási_ktg_input!$V18*Beruházási_ktg_input!AI18,"")) | AP18: =IF($AE18=0,0,IF($B18=Háttér_listák!$B$122,Beruházási_ktg_input!$V18*Beruházási_ktg_input!AJ18,"")) | AQ18: =IF($AE18=0,0,IF($B18=Háttér_listák!$B$122,Beruházási_ktg_input!$AD18*Beruházási_ktg_input!AF18,"")) | AR18: =IF($AE18=0,0,IF($B18=Háttér_listák!$B$122,Beruházási_ktg_input!$AD18*Beruházási_ktg_input!AG18,"")) | AS18: =IF($AE18=0,0,IF($B18=Háttér_listák!$B$122,Beruházási_ktg_input!$AD18*Beruházási_ktg_input!AH18,"")) | AT18: =IF($AE18=0,0,IF($B18=Háttér_listák!$B$122,Beruházási_ktg_input!$AD18*Beruházási_ktg_input!AI18,"")) | AU18: =IF($AE18=0,0,IF($B18=Háttér_listák!$B$122,Beruházási_ktg_input!$AD18*Beruházási_ktg_input!AJ18,"")) | AV18: =IF($AE18=0,0,IF($B18=Háttér_listák!$B$122,($T18+$Y18)*AF18,"")) | AW18: =IF($AE18=0,0,IF($B18=Háttér_listák!$B$122,($T18+$Y18)*AG18,"")) | AX18: =IF($AE18=0,0,IF($B18=Háttér_listák!$B$122,($T18+$Y18)*AH18,"")) | AY18: =IF($AE18=0,0,IF($B18=Háttér_listák!$B$122,($T18+$Y18)*AI18,"")) | AZ18: =IF($AE18=0,0,IF($B18=Háttér_listák!$B$122,($T18+$Y18)*AJ18,""))
B19: Alsor | C19: =IF(B19=Háttér_listák!$B$121,1,0) -> 0 | D19: =IF(C19=C18,D18,D18+1) -> 6 | E19: Egyéb1 | F19: 0 | G19: Csekély összegű támogatás | I19: 1 | J19: 1200000 | K19: =IF(B19=Háttér_listák!$B$121,"",Beruházási_ktg_input!I19*Beruházási_ktg_input!J19) -> 1200000 | L19: =IF(B19=Háttér_listák!$B$121,SUMIF(Beruházási_ktg_input!D19:$D$107,Beruházási_ktg_input!D19+1,Beruházási_ktg_input!L19:$L$107),Beruházási_ktg_input!$K19) -> 1200000 | M19: 0.733141 | N19: 879769 | O19: =IF(B19=Háttér_listák!$B$121,SUMIF(Beruházási_ktg_input!$D20:D$107,Beruházási_ktg_input!D19+1,$O20:O$107),L19+N19) -> 2079769 | P19: 0 | Q19: Elszámolható költség | R19: Szakmai megvalósításhoz kapcsolódó szolgáltatások költségei | S19: Nem ÁFA visszaigénylő | T19: =IF($B19=Háttér_listák!$B$121,SUMIF($D20:D$107,D19+1,$T20:T$107),IF(Q19=Háttér_listák!$B$125,Beruházási_ktg_input!L19,0)) -> 1200000 | U19: =IF($B19=Háttér_listák!$B$121,SUMIF($D20:D$107,D19+1,$U20:U$107),IF(AND(Q19=Háttér_listák!$B$125,Beruházási_ktg_input!S19=Háttér_listák!$B$130,Főoldal!$C$15="Igen"),Beruházási_ktg_input!N19,0)) -> 879769 | V19: =SUM(T19:U19) -> 2079769 | W19: =IF($B19=Háttér_listák!$B$121,SUMIF($D20:D$107,D19+1,$W20:W$107),IF(AND(Q19=Háttér_listák!$B$125,Beruházási_ktg_input!S19=Háttér_listák!$B$130,Főoldal!$C$15="Nem"),Beruházási_ktg_input!N19,0)) -> 0 | X19: =IF($B19=Háttér_listák!$B$121,SUMIF($D20:D$107,D19+1,$X20:X$107),IF(AND(Q19=Háttér_listák!$B$125,Beruházási_ktg_input!S19=Háttér_listák!$B$129),Beruházási_ktg_input!N19,0)) -> 0 | Y19: =IF($B19=Háttér_listák!$B$121,SUMIF($D20:D$107,D19+1,$Y20:Y$107),IF(Q19=Háttér_listák!$B$126,Beruházási_ktg_input!L19,0)) -> 0 | Z19: =IF($B19=Háttér_listák!$B$121,SUMIF($D20:D$107,D19+1,$Z20:Z$107),IF(AND(Q19=Háttér_listák!$B$126,Beruházási_ktg_input!S19=Háttér_listák!$B$129),Beruházási_ktg_input!N19,0)) -> 0 | AA19: =IF($B19=Háttér_listák!$B$121,SUMIF($D20:D$107,D19+1,$AA20:AA$107),IF(AND(Q19=Háttér_listák!$B$126,Beruházási_ktg_input!S19=Háttér_listák!$B$130),Beruházási_ktg_input!N19,0)) -> 0 | AB19: =Y19+AA19 -> 0 | AC19: =V19+AB19 -> 2079769 | AD19: =SUM(W19:AA19) -> 0 | AE19: =V19+AD19 -> 2079769 | AF19: 1 | AK19: =IF(SUM(AF19:AJ19)=0,"",IF(SUM(AF19:AJ19)=1,Háttér_listák!$B$133,Háttér_listák!$B$134)) -> Az ütemezés megfelelő! | AL19: =IF($AE19=0,0,IF($B19=Háttér_listák!$B$122,Beruházási_ktg_input!$V19*Beruházási_ktg_input!AF19,"")) -> 2079769 | AM19: =IF($AE19=0,0,IF($B19=Háttér_listák!$B$122,Beruházási_ktg_input!$V19*Beruházási_ktg_input!AG19,"")) -> 0 | AN19: =IF($AE19=0,0,IF($B19=Háttér_listák!$B$122,Beruházási_ktg_input!$V19*Beruházási_ktg_input!AH19,"")) -> 0 | AO19: =IF($AE19=0,0,IF($B19=Háttér_listák!$B$122,Beruházási_ktg_input!$V19*Beruházási_ktg_input!AI19,"")) -> 0 | AP19: =IF($AE19=0,0,IF($B19=Háttér_listák!$B$122,Beruházási_ktg_input!$V19*Beruházási_ktg_input!AJ19,"")) -> 0 | AQ19: =IF($AE19=0,0,IF($B19=Háttér_listák!$B$122,Beruházási_ktg_input!$AD19*Beruházási_ktg_input!AF19,"")) -> 0 | AR19: =IF($AE19=0,0,IF($B19=Háttér_listák!$B$122,Beruházási_ktg_input!$AD19*Beruházási_ktg_input!AG19,"")) -> 0 | AS19: =IF($AE19=0,0,IF($B19=Háttér_listák!$B$122,Beruházási_ktg_input!$AD19*Beruházási_ktg_input!AH19,"")) -> 0 | AT19: =IF($AE19=0,0,IF($B19=Háttér_listák!$B$122,Beruházási_ktg_input!$AD19*Beruházási_ktg_input!AI19,"")) -> 0 | AU19: =IF($AE19=0,0,IF($B19=Háttér_listák!$B$122,Beruházási_ktg_input!$AD19*Beruházási_ktg_input!AJ19,"")) -> 0 | AV19: =IF($AE19=0,0,IF($B19=Háttér_listák!$B$122,($T19+$Y19)*AF19,"")) -> 1200000 | AW19: =IF($AE19=0,0,IF($B19=Háttér_listák!$B$122,($T19+$Y19)*AG19,"")) -> 0 | AX19: =IF($AE19=0,0,IF($B19=Háttér_listák!$B$122,($T19+$Y19)*AH19,"")) -> 0 | AY19: =IF($AE19=0,0,IF($B19=Háttér_listák!$B$122,($T19+$Y19)*AI19,"")) -> 0 | AZ19: =IF($AE19=0,0,IF($B19=Háttér_listák!$B$122,($T19+$Y19)*AJ19,"")) -> 0
B20: Alsor | C20: =IF(B20=Háttér_listák!$B$121,1,0) -> 0 | D20: =IF(C20=C19,D19,D19+1) -> 6 | E20: Egyéb2 | F20: 0 | G20: Közszolgáltatásért járó ellentételezés | I20: 1 | J20: 7500000 | K20: =IF(B20=Háttér_listák!$B$121,"",Beruházási_ktg_input!I20*Beruházási_ktg_input!J20) -> 7500000 | L20: =IF(B20=Háttér_listák!$B$121,SUMIF(Beruházási_ktg_input!D20:$D$107,Beruházási_ktg_input!D20+1,Beruházási_ktg_input!L20:$L$107),Beruházási_ktg_input!$K20) -> 7500000 | M20: 0.27 | N20: 2025000 | O20: =IF(B20=Háttér_listák!$B$121,SUMIF(Beruházási_ktg_input!$D21:D$107,Beruházási_ktg_input!D20+1,$O21:O$107),L20+N20) -> 9525000 | P20: 0 | Q20: Elszámolható költség | R20: Szakmai megvalósításhoz kapcsolódó szolgáltatások költségei | S20: Nem ÁFA visszaigénylő | T20: =IF($B20=Háttér_listák!$B$121,SUMIF($D21:D$107,D20+1,$T21:T$107),IF(Q20=Háttér_listák!$B$125,Beruházási_ktg_input!L20,0)) -> 7500000 | U20: =IF($B20=Háttér_listák!$B$121,SUMIF($D21:D$107,D20+1,$U21:U$107),IF(AND(Q20=Háttér_listák!$B$125,Beruházási_ktg_input!S20=Háttér_listák!$B$130,Főoldal!$C$15="Igen"),Beruházási_ktg_input!N20,0)) -> 2025000 | V20: =SUM(T20:U20) -> 9525000 | W20: =IF($B20=Háttér_listák!$B$121,SUMIF($D21:D$107,D20+1,$W21:W$107),IF(AND(Q20=Háttér_listák!$B$125,Beruházási_ktg_input!S20=Háttér_listák!$B$130,Főoldal!$C$15="Nem"),Beruházási_ktg_input!N20,0)) -> 0 | X20: =IF($B20=Háttér_listák!$B$121,SUMIF($D21:D$107,D20+1,$X21:X$107),IF(AND(Q20=Háttér_listák!$B$125,Beruházási_ktg_input!S20=Háttér_listák!$B$129),Beruházási_ktg_input!N20,0)) -> 0 | Y20: =IF($B20=Háttér_listák!$B$121,SUMIF($D21:D$107,D20+1,$Y21:Y$107),IF(Q20=Háttér_listák!$B$126,Beruházási_ktg_input!L20,0)) -> 0 | Z20: =IF($B20=Háttér_listák!$B$121,SUMIF($D21:D$107,D20+1,$Z21:Z$107),IF(AND(Q20=Háttér_listák!$B$126,Beruházási_ktg_input!S20=Háttér_listák!$B$129),Beruházási_ktg_input!N20,0)) -> 0 | AA20: =IF($B20=Háttér_listák!$B$121,SUMIF($D21:D$107,D20+1,$AA21:AA$107),IF(AND(Q20=Háttér_listák!$B$126,Beruházási_ktg_input!S20=Háttér_listák!$B$130),Beruházási_ktg_input!N20,0)) -> 0 | AB20: =Y20+AA20 -> 0 | AC20: =V20+AB20 -> 9525000 | AD20: =SUM(W20:AA20) -> 0 | AE20: =V20+AD20 -> 9525000 | AF20: 1 | AK20: =IF(SUM(AF20:AJ20)=0,"",IF(SUM(AF20:AJ20)=1,Háttér_listák!$B$133,Háttér_listák!$B$134)) -> Az ütemezés megfelelő! | AL20: =IF($AE20=0,0,IF($B20=Háttér_listák!$B$122,Beruházási_ktg_input!$V20*Beruházási_ktg_input!AF20,"")) -> 9525000 | AM20: =IF($AE20=0,0,IF($B20=Háttér_listák!$B$122,Beruházási_ktg_input!$V20*Beruházási_ktg_input!AG20,"")) -> 0 | AN20: =IF($AE20=0,0,IF($B20=Háttér_listák!$B$122,Beruházási_ktg_input!$V20*Beruházási_ktg_input!AH20,"")) -> 0 | AO20: =IF($AE20=0,0,IF($B20=Háttér_listák!$B$122,Beruházási_ktg_input!$V20*Beruházási_ktg_input!AI20,"")) -> 0 | AP20: =IF($AE20=0,0,IF($B20=Háttér_listák!$B$122,Beruházási_ktg_input!$V20*Beruházási_ktg_input!AJ20,"")) -> 0 | AQ20: =IF($AE20=0,0,IF($B20=Háttér_listák!$B$122,Beruházási_ktg_input!$AD20*Beruházási_ktg_input!AF20,"")) -> 0 | AR20: =IF($AE20=0,0,IF($B20=Háttér_listák!$B$122,Beruházási_ktg_input!$AD20*Beruházási_ktg_input!AG20,"")) -> 0 | AS20: =IF($AE20=0,0,IF($B20=Háttér_listák!$B$122,Beruházási_ktg_input!$AD20*Beruházási_ktg_input!AH20,"")) -> 0 | AT20: =IF($AE20=0,0,IF($B20=Háttér_listák!$B$122,Beruházási_ktg_input!$AD20*Beruházási_ktg_input!AI20,"")) -> 0 | AU20: =IF($AE20=0,0,IF($B20=Háttér_listák!$B$122,Beruházási_ktg_input!$AD20*Beruházási_ktg_input!AJ20,"")) -> 0 | AV20: =IF($AE20=0,0,IF($B20=Háttér_listák!$B$122,($T20+$Y20)*AF20,"")) -> 7500000 | AW20: =IF($AE20=0,0,IF($B20=Háttér_listák!$B$122,($T20+$Y20)*AG20,"")) -> 0 | AX20: =IF($AE20=0,0,IF($B20=Háttér_listák!$B$122,($T20+$Y20)*AH20,"")) -> 0 | AY20: =IF($AE20=0,0,IF($B20=Háttér_listák!$B$122,($T20+$Y20)*AI20,"")) -> 0 | AZ20: =IF($AE20=0,0,IF($B20=Háttér_listák!$B$122,($T20+$Y20)*AJ20,"")) -> 0
B21: Alsor | C21: =IF(B21=Háttér_listák!$B$121,1,0) -> 0 | D21: =IF(C21=C20,D20,D20+1) -> 6 | E21: Egyéb3 | F21: 0 | G21: Megújuló energia, megújuló hidrogén és nagy hatásfokú kapcsolt energiatermeléshez nyújtott beruházási támogatás - A támogatott beruházás megújulóenergia termelésre - ideértve az (EU) 2018/2001 irányelv VII. mellékletének megfelelő hőszivattyúkat -, megújuló energiaforrásokon alapuló nagy hatásfokú kapcsolt energiatermelésre és megújuló hidrogén termelésre irányul | I21: 1 | J21: 7000000 | K21: =IF(B21=Háttér_listák!$B$121,"",Beruházási_ktg_input!I21*Beruházási_ktg_input!J21) -> 7000000 | L21: =IF(B21=Háttér_listák!$B$121,SUMIF(Beruházási_ktg_input!D21:$D$107,Beruházási_ktg_input!D21+1,Beruházási_ktg_input!L21:$L$107),Beruházási_ktg_input!$K21) -> 7000000 | M21: 0.27 | N21: 1890000 | O21: =IF(B21=Háttér_listák!$B$121,SUMIF(Beruházási_ktg_input!$D22:D$107,Beruházási_ktg_input!D21+1,$O22:O$107),L21+N21) -> 8890000 | P21: 0 | Q21: Elszámolható költség | R21: Szakmai megvalósításhoz kapcsolódó szolgáltatások költségei | S21: Nem ÁFA visszaigénylő | T21: =IF($B21=Háttér_listák!$B$121,SUMIF($D22:D$107,D21+1,$T22:T$107),IF(Q21=Háttér_listák!$B$125,Beruházási_ktg_input!L21,0)) -> 7000000 | U21: =IF($B21=Háttér_listák!$B$121,SUMIF($D22:D$107,D21+1,$U22:U$107),IF(AND(Q21=Háttér_listák!$B$125,Beruházási_ktg_input!S21=Háttér_listák!$B$130,Főoldal!$C$15="Igen"),Beruházási_ktg_input!N21,0)) -> 1890000 | V21: =SUM(T21:U21) -> 8890000 | W21: =IF($B21=Háttér_listák!$B$121,SUMIF($D22:D$107,D21+1,$W22:W$107),IF(AND(Q21=Háttér_listák!$B$125,Beruházási_ktg_input!S21=Háttér_listák!$B$130,Főoldal!$C$15="Nem"),Beruházási_ktg_input!N21,0)) -> 0 | X21: =IF($B21=Háttér_listák!$B$121,SUMIF($D22:D$107,D21+1,$X22:X$107),IF(AND(Q21=Háttér_listák!$B$125,Beruházási_ktg_input!S21=Háttér_listák!$B$129),Beruházási_ktg_input!N21,0)) -> 0 | Y21: =IF($B21=Háttér_listák!$B$121,SUMIF($D22:D$107,D21+1,$Y22:Y$107),IF(Q21=Háttér_listák!$B$126,Beruházási_ktg_input!L21,0)) -> 0 | Z21: =IF($B21=Háttér_listák!$B$121,SUMIF($D22:D$107,D21+1,$Z22:Z$107),IF(AND(Q21=Háttér_listák!$B$126,Beruházási_ktg_input!S21=Háttér_listák!$B$129),Beruházási_ktg_input!N21,0)) -> 0 | AA21: =IF($B21=Háttér_listák!$B$121,SUMIF($D22:D$107,D21+1,$AA22:AA$107),IF(AND(Q21=Háttér_listák!$B$126,Beruházási_ktg_input!S21=Háttér_listák!$B$130),Beruházási_ktg_input!N21,0)) -> 0 | AB21: =Y21+AA21 -> 0 | AC21: =V21+AB21 -> 8890000 | AD21: =SUM(W21:AA21) -> 0 | AE21: =V21+AD21 -> 8890000 | AF21: 1 | AK21: =IF(SUM(AF21:AJ21)=0,"",IF(SUM(AF21:AJ21)=1,Háttér_listák!$B$133,Háttér_listák!$B$134)) -> Az ütemezés megfelelő! | AL21: =IF($AE21=0,0,IF($B21=Háttér_listák!$B$122,Beruházási_ktg_input!$V21*Beruházási_ktg_input!AF21,"")) -> 8890000 | AM21: =IF($AE21=0,0,IF($B21=Háttér_listák!$B$122,Beruházási_ktg_input!$V21*Beruházási_ktg_input!AG21,"")) -> 0 | AN21: =IF($AE21=0,0,IF($B21=Háttér_listák!$B$122,Beruházási_ktg_input!$V21*Beruházási_ktg_input!AH21,"")) -> 0 | AO21: =IF($AE21=0,0,IF($B21=Háttér_listák!$B$122,Beruházási_ktg_input!$V21*Beruházási_ktg_input!AI21,"")) -> 0 | AP21: =IF($AE21=0,0,IF($B21=Háttér_listák!$B$122,Beruházási_ktg_input!$V21*Beruházási_ktg_input!AJ21,"")) -> 0 | AQ21: =IF($AE21=0,0,IF($B21=Háttér_listák!$B$122,Beruházási_ktg_input!$AD21*Beruházási_ktg_input!AF21,"")) -> 0 | AR21: =IF($AE21=0,0,IF($B21=Háttér_listák!$B$122,Beruházási_ktg_input!$AD21*Beruházási_ktg_input!AG21,"")) -> 0 | AS21: =IF($AE21=0,0,IF($B21=Háttér_listák!$B$122,Beruházási_ktg_input!$AD21*Beruházási_ktg_input!AH21,"")) -> 0 | AT21: =IF($AE21=0,0,IF($B21=Háttér_listák!$B$122,Beruházási_ktg_input!$AD21*Beruházási_ktg_input!AI21,"")) -> 0 | AU21: =IF($AE21=0,0,IF($B21=Háttér_listák!$B$122,Beruházási_ktg_input!$AD21*Beruházási_ktg_input!AJ21,"")) -> 0 | AV21: =IF($AE21=0,0,IF($B21=Háttér_listák!$B$122,($T21+$Y21)*AF21,"")) -> 7000000 | AW21: =IF($AE21=0,0,IF($B21=Háttér_listák!$B$122,($T21+$Y21)*AG21,"")) -> 0 | AX21: =IF($AE21=0,0,IF($B21=Háttér_listák!$B$122,($T21+$Y21)*AH21,"")) -> 0 | AY21: =IF($AE21=0,0,IF($B21=Háttér_listák!$B$122,($T21+$Y21)*AI21,"")) -> 0 | AZ21: =IF($AE21=0,0,IF($B21=Háttér_listák!$B$122,($T21+$Y21)*AJ21,"")) -> 0
B22: Alsor | C22: =IF(B22=Háttér_listák!$B$121,1,0) -> 0 | D22: =IF(C22=C21,D21,D21+1) -> 6 | E22: Egyéb4 | F22: 0 | G22: Környezeti károk helyreállítása - a biológiai sokféleség vagy ökoszisztémák védelméhez vagy helyreállításához az ökoszisztémák jó állapotának eléréséhez való hozzájárulás vagy a már jó állapotban lévő ökoszisztémák védelme érdekében nyújtott támogatás esetén | I22: 1 | J22: 5000000 | K22: =IF(B22=Háttér_listák!$B$121,"",Beruházási_ktg_input!I22*Beruházási_ktg_input!J22) -> 5000000 | L22: =IF(B22=Háttér_listák!$B$121,SUMIF(Beruházási_ktg_input!D22:$D$107,Beruházási_ktg_input!D22+1,Beruházási_ktg_input!L22:$L$107),Beruházási_ktg_input!$K22) -> 5000000 | M22: 0.27 | N22: 1350000 | O22: =IF(B22=Háttér_listák!$B$121,SUMIF(Beruházási_ktg_input!$D23:D$107,Beruházási_ktg_input!D22+1,$O23:O$107),L22+N22) -> 6350000 | P22: 0 | Q22: Elszámolható költség | R22: Szakmai megvalósításhoz kapcsolódó szolgáltatások költségei | S22: Nem ÁFA visszaigénylő | T22: =IF($B22=Háttér_listák!$B$121,SUMIF($D23:D$107,D22+1,$T23:T$107),IF(Q22=Háttér_listák!$B$125,Beruházási_ktg_input!L22,0)) -> 5000000 | U22: =IF($B22=Háttér_listák!$B$121,SUMIF($D23:D$107,D22+1,$U23:U$107),IF(AND(Q22=Háttér_listák!$B$125,Beruházási_ktg_input!S22=Háttér_listák!$B$130,Főoldal!$C$15="Igen"),Beruházási_ktg_input!N22,0)) -> 1350000 | V22: =SUM(T22:U22) -> 6350000 | W22: =IF($B22=Háttér_listák!$B$121,SUMIF($D23:D$107,D22+1,$W23:W$107),IF(AND(Q22=Háttér_listák!$B$125,Beruházási_ktg_input!S22=Háttér_listák!$B$130,Főoldal!$C$15="Nem"),Beruházási_ktg_input!N22,0)) -> 0 | X22: =IF($B22=Háttér_listák!$B$121,SUMIF($D23:D$107,D22+1,$X23:X$107),IF(AND(Q22=Háttér_listák!$B$125,Beruházási_ktg_input!S22=Háttér_listák!$B$129),Beruházási_ktg_input!N22,0)) -> 0 | Y22: =IF($B22=Háttér_listák!$B$121,SUMIF($D23:D$107,D22+1,$Y23:Y$107),IF(Q22=Háttér_listák!$B$126,Beruházási_ktg_input!L22,0)) -> 0 | Z22: =IF($B22=Háttér_listák!$B$121,SUMIF($D23:D$107,D22+1,$Z23:Z$107),IF(AND(Q22=Háttér_listák!$B$126,Beruházási_ktg_input!S22=Háttér_listák!$B$129),Beruházási_ktg_input!N22,0)) -> 0 | AA22: =IF($B22=Háttér_listák!$B$121,SUMIF($D23:D$107,D22+1,$AA23:AA$107),IF(AND(Q22=Háttér_listák!$B$126,Beruházási_ktg_input!S22=Háttér_listák!$B$130),Beruházási_ktg_input!N22,0)) -> 0 | AB22: =Y22+AA22 -> 0 | AC22: =V22+AB22 -> 6350000 | AD22: =SUM(W22:AA22) -> 0 | AE22: =V22+AD22 -> 6350000 | AF22: 1 | AK22: =IF(SUM(AF22:AJ22)=0,"",IF(SUM(AF22:AJ22)=1,Háttér_listák!$B$133,Háttér_listák!$B$134)) -> Az ütemezés megfelelő! | AL22: =IF($AE22=0,0,IF($B22=Háttér_listák!$B$122,Beruházási_ktg_input!$V22*Beruházási_ktg_input!AF22,"")) -> 6350000 | AM22: =IF($AE22=0,0,IF($B22=Háttér_listák!$B$122,Beruházási_ktg_input!$V22*Beruházási_ktg_input!AG22,"")) -> 0 | AN22: =IF($AE22=0,0,IF($B22=Háttér_listák!$B$122,Beruházási_ktg_input!$V22*Beruházási_ktg_input!AH22,"")) -> 0 | AO22: =IF($AE22=0,0,IF($B22=Háttér_listák!$B$122,Beruházási_ktg_input!$V22*Beruházási_ktg_input!AI22,"")) -> 0 | AP22: =IF($AE22=0,0,IF($B22=Háttér_listák!$B$122,Beruházási_ktg_input!$V22*Beruházási_ktg_input!AJ22,"")) -> 0 | AQ22: =IF($AE22=0,0,IF($B22=Háttér_listák!$B$122,Beruházási_ktg_input!$AD22*Beruházási_ktg_input!AF22,"")) -> 0 | AR22: =IF($AE22=0,0,IF($B22=Háttér_listák!$B$122,Beruházási_ktg_input!$AD22*Beruházási_ktg_input!AG22,"")) -> 0 | AS22: =IF($AE22=0,0,IF($B22=Háttér_listák!$B$122,Beruházási_ktg_input!$AD22*Beruházási_ktg_input!AH22,"")) -> 0 | AT22: =IF($AE22=0,0,IF($B22=Háttér_listák!$B$122,Beruházási_ktg_input!$AD22*Beruházási_ktg_input!AI22,"")) -> 0 | AU22: =IF($AE22=0,0,IF($B22=Háttér_listák!$B$122,Beruházási_ktg_input!$AD22*Beruházási_ktg_input!AJ22,"")) -> 0 | AV22: =IF($AE22=0,0,IF($B22=Háttér_listák!$B$122,($T22+$Y22)*AF22,"")) -> 5000000 | AW22: =IF($AE22=0,0,IF($B22=Háttér_listák!$B$122,($T22+$Y22)*AG22,"")) -> 0 | AX22: =IF($AE22=0,0,IF($B22=Háttér_listák!$B$122,($T22+$Y22)*AH22,"")) -> 0 | AY22: =IF($AE22=0,0,IF($B22=Háttér_listák!$B$122,($T22+$Y22)*AI22,"")) -> 0 | AZ22: =IF($AE22=0,0,IF($B22=Háttér_listák!$B$122,($T22+$Y22)*AJ22,"")) -> 0
B23: Fősor | C23: =IF(B23=Háttér_listák!$B$121,1,0) -> 1 | D23: =IF(C23=C22,D22,D22+1) -> 7 | E23: Projektmenedzsment költségek | G23: nem releváns | K23: =IF(B23=Háttér_listák!$B$121,"",Beruházási_ktg_input!I23*Beruházási_ktg_input!J23) | L23: =IF(B23=Háttér_listák!$B$121,SUMIF(Beruházási_ktg_input!D23:$D$107,Beruházási_ktg_input!D23+1,Beruházási_ktg_input!L23:$L$107),Beruházási_ktg_input!$K23) -> 2000000 | O23: =IF(B23=Háttér_listák!$B$121,SUMIF(Beruházási_ktg_input!$D24:D$107,Beruházási_ktg_input!D23+1,$O24:O$107),L23+N23) -> 2000000 | T23: =IF($B23=Háttér_listák!$B$121,SUMIF($D24:D$107,D23+1,$T24:T$107),IF(Q23=Háttér_listák!$B$125,Beruházási_ktg_input!L23,0)) -> 2000000 | U23: =IF($B23=Háttér_listák!$B$121,SUMIF($D24:D$107,D23+1,$U24:U$107),IF(AND(Q23=Háttér_listák!$B$125,Beruházási_ktg_input!S23=Háttér_listák!$B$130,Főoldal!$C$15="Igen"),Beruházási_ktg_input!N23,0)) -> 0 | V23: =SUM(T23:U23) -> 2000000 | W23: =IF($B23=Háttér_listák!$B$121,SUMIF($D24:D$107,D23+1,$W24:W$107),IF(AND(Q23=Háttér_listák!$B$125,Beruházási_ktg_input!S23=Háttér_listák!$B$130,Főoldal!$C$15="Nem"),Beruházási_ktg_input!N23,0)) -> 0 | X23: =IF($B23=Háttér_listák!$B$121,SUMIF($D24:D$107,D23+1,$X24:X$107),IF(AND(Q23=Háttér_listák!$B$125,Beruházási_ktg_input!S23=Háttér_listák!$B$129),Beruházási_ktg_input!N23,0)) -> 0 | Y23: =IF($B23=Háttér_listák!$B$121,SUMIF($D24:D$107,D23+1,$Y24:Y$107),IF(Q23=Háttér_listák!$B$126,Beruházási_ktg_input!L23,0)) -> 0 | Z23: =IF($B23=Háttér_listák!$B$121,SUMIF($D24:D$107,D23+1,$Z24:Z$107),IF(AND(Q23=Háttér_listák!$B$126,Beruházási_ktg_input!S23=Háttér_listák!$B$129),Beruházási_ktg_input!N23,0)) -> 0 | AA23: =IF($B23=Háttér_listák!$B$121,SUMIF($D24:D$107,D23+1,$AA24:AA$107),IF(AND(Q23=Háttér_listák!$B$126,Beruházási_ktg_input!S23=Háttér_listák!$B$130),Beruházási_ktg_input!N23,0)) -> 0 | AB23: =Y23+AA23 -> 0 | AC23: =V23+AB23 -> 2000000 | AD23: =SUM(W23:AA23) -> 0 | AE23: =V23+AD23 -> 2000000 | AK23: =IF(SUM(AF23:AJ23)=0,"",IF(SUM(AF23:AJ23)=1,Háttér_listák!$B$133,Háttér_listák!$B$134)) | AL23: =IF($AE23=0,0,IF($B23=Háttér_listák!$B$122,Beruházási_ktg_input!$V23*Beruházási_ktg_input!AF23,"")) | AM23: =IF($AE23=0,0,IF($B23=Háttér_listák!$B$122,Beruházási_ktg_input!$V23*Beruházási_ktg_input!AG23,"")) | AN23: =IF($AE23=0,0,IF($B23=Háttér_listák!$B$122,Beruházási_ktg_input!$V23*Beruházási_ktg_input!AH23,"")) | AO23: =IF($AE23=0,0,IF($B23=Háttér_listák!$B$122,Beruházási_ktg_input!$V23*Beruházási_ktg_input!AI23,"")) | AP23: =IF($AE23=0,0,IF($B23=Háttér_listák!$B$122,Beruházási_ktg_input!$V23*Beruházási_ktg_input!AJ23,"")) | AQ23: =IF($AE23=0,0,IF($B23=Háttér_listák!$B$122,Beruházási_ktg_input!$AD23*Beruházási_ktg_input!AF23,"")) | AR23: =IF($AE23=0,0,IF($B23=Háttér_listák!$B$122,Beruházási_ktg_input!$AD23*Beruházási_ktg_input!AG23,"")) | AS23: =IF($AE23=0,0,IF($B23=Háttér_listák!$B$122,Beruházási_ktg_input!$AD23*Beruházási_ktg_input!AH23,"")) | AT23: =IF($AE23=0,0,IF($B23=Háttér_listák!$B$122,Beruházási_ktg_input!$AD23*Beruházási_ktg_input!AI23,"")) | AU23: =IF($AE23=0,0,IF($B23=Háttér_listák!$B$122,Beruházási_ktg_input!$AD23*Beruházási_ktg_input!AJ23,"")) | AV23: =IF($AE23=0,0,IF($B23=Háttér_listák!$B$122,($T23+$Y23)*AF23,"")) | AW23: =IF($AE23=0,0,IF($B23=Háttér_listák!$B$122,($T23+$Y23)*AG23,"")) | AX23: =IF($AE23=0,0,IF($B23=Háttér_listák!$B$122,($T23+$Y23)*AH23,"")) | AY23: =IF($AE23=0,0,IF($B23=Háttér_listák!$B$122,($T23+$Y23)*AI23,"")) | AZ23: =IF($AE23=0,0,IF($B23=Háttér_listák!$B$122,($T23+$Y23)*AJ23,""))
B24: Alsor | C24: =IF(B24=Háttér_listák!$B$121,1,0) -> 0 | D24: =IF(C24=C23,D23,D23+1) -> 8 | E24: Szolgáltatás | F24: 0 | G24: Nem állami támogatás | I24: 1 | J24: 0 | K24: =IF(B24=Háttér_listák!$B$121,"",Beruházási_ktg_input!I24*Beruházási_ktg_input!J24) -> 0 | L24: =IF(B24=Háttér_listák!$B$121,SUMIF(Beruházási_ktg_input!D24:$D$107,Beruházási_ktg_input!D24+1,Beruházási_ktg_input!L24:$L$107),Beruházási_ktg_input!$K24) -> 0 | M24: 0 | N24: 0 | O24: =IF(B24=Háttér_listák!$B$121,SUMIF(Beruházási_ktg_input!$D25:D$107,Beruházási_ktg_input!D24+1,$O25:O$107),L24+N24) -> 0 | P24: 0 | Q24: Elszámolható költség | R24: Projektmenedzsment költségek | S24: Nem ÁFA visszaigénylő | T24: =IF($B24=Háttér_listák!$B$121,SUMIF($D25:D$107,D24+1,$T25:T$107),IF(Q24=Háttér_listák!$B$125,Beruházási_ktg_input!L24,0)) -> 0 | U24: =IF($B24=Háttér_listák!$B$121,SUMIF($D25:D$107,D24+1,$U25:U$107),IF(AND(Q24=Háttér_listák!$B$125,Beruházási_ktg_input!S24=Háttér_listák!$B$130,Főoldal!$C$15="Igen"),Beruházási_ktg_input!N24,0)) -> 0 | V24: =SUM(T24:U24) -> 0 | W24: =IF($B24=Háttér_listák!$B$121,SUMIF($D25:D$107,D24+1,$W25:W$107),IF(AND(Q24=Háttér_listák!$B$125,Beruházási_ktg_input!S24=Háttér_listák!$B$130,Főoldal!$C$15="Nem"),Beruházási_ktg_input!N24,0)) -> 0 | X24: =IF($B24=Háttér_listák!$B$121,SUMIF($D25:D$107,D24+1,$X25:X$107),IF(AND(Q24=Háttér_listák!$B$125,Beruházási_ktg_input!S24=Háttér_listák!$B$129),Beruházási_ktg_input!N24,0)) -> 0 | Y24: =IF($B24=Háttér_listák!$B$121,SUMIF($D25:D$107,D24+1,$Y25:Y$107),IF(Q24=Háttér_listák!$B$126,Beruházási_ktg_input!L24,0)) -> 0 | Z24: =IF($B24=Háttér_listák!$B$121,SUMIF($D25:D$107,D24+1,$Z25:Z$107),IF(AND(Q24=Háttér_listák!$B$126,Beruházási_ktg_input!S24=Háttér_listák!$B$129),Beruházási_ktg_input!N24,0)) -> 0 | AA24: =IF($B24=Háttér_listák!$B$121,SUMIF($D25:D$107,D24+1,$AA25:AA$107),IF(AND(Q24=Háttér_listák!$B$126,Beruházási_ktg_input!S24=Háttér_listák!$B$130),Beruházási_ktg_input!N24,0)) -> 0 | AB24: =Y24+AA24 -> 0 | AC24: =V24+AB24 -> 0 | AD24: =SUM(W24:AA24) -> 0 | AE24: =V24+AD24 -> 0 | AF24: 1 | AK24: =IF(SUM(AF24:AJ24)=0,"",IF(SUM(AF24:AJ24)=1,Háttér_listák!$B$133,Háttér_listák!$B$134)) -> Az ütemezés megfelelő! | AL24: =IF($AE24=0,0,IF($B24=Háttér_listák!$B$122,Beruházási_ktg_input!$V24*Beruházási_ktg_input!AF24,"")) -> 0 | AM24: =IF($AE24=0,0,IF($B24=Háttér_listák!$B$122,Beruházási_ktg_input!$V24*Beruházási_ktg_input!AG24,"")) -> 0 | AN24: =IF($AE24=0,0,IF($B24=Háttér_listák!$B$122,Beruházási_ktg_input!$V24*Beruházási_ktg_input!AH24,"")) -> 0 | AO24: =IF($AE24=0,0,IF($B24=Háttér_listák!$B$122,Beruházási_ktg_input!$V24*Beruházási_ktg_input!AI24,"")) -> 0 | AP24: =IF($AE24=0,0,IF($B24=Háttér_listák!$B$122,Beruházási_ktg_input!$V24*Beruházási_ktg_input!AJ24,"")) -> 0 | AQ24: =IF($AE24=0,0,IF($B24=Háttér_listák!$B$122,Beruházási_ktg_input!$AD24*Beruházási_ktg_input!AF24,"")) -> 0 | AR24: =IF($AE24=0,0,IF($B24=Háttér_listák!$B$122,Beruházási_ktg_input!$AD24*Beruházási_ktg_input!AG24,"")) -> 0 | AS24: =IF($AE24=0,0,IF($B24=Háttér_listák!$B$122,Beruházási_ktg_input!$AD24*Beruházási_ktg_input!AH24,"")) -> 0 | AT24: =IF($AE24=0,0,IF($B24=Háttér_listák!$B$122,Beruházási_ktg_input!$AD24*Beruházási_ktg_input!AI24,"")) -> 0 | AU24: =IF($AE24=0,0,IF($B24=Háttér_listák!$B$122,Beruházási_ktg_input!$AD24*Beruházási_ktg_input!AJ24,"")) -> 0 | AV24: =IF($AE24=0,0,IF($B24=Háttér_listák!$B$122,($T24+$Y24)*AF24,"")) -> 0 | AW24: =IF($AE24=0,0,IF($B24=Háttér_listák!$B$122,($T24+$Y24)*AG24,"")) -> 0 | AX24: =IF($AE24=0,0,IF($B24=Háttér_listák!$B$122,($T24+$Y24)*AH24,"")) -> 0 | AY24: =IF($AE24=0,0,IF($B24=Háttér_listák!$B$122,($T24+$Y24)*AI24,"")) -> 0 | AZ24: =IF($AE24=0,0,IF($B24=Háttér_listák!$B$122,($T24+$Y24)*AJ24,"")) -> 0
B25: Alsor | C25: =IF(B25=Háttér_listák!$B$121,1,0) -> 0 | D25: =IF(C25=C24,D24,D24+1) -> 8 | E25: Saját teljesítés | F25: 0 | G25: Nem állami támogatás | I25: 1 | J25: 2000000 | K25: =IF(B25=Háttér_listák!$B$121,"",Beruházási_ktg_input!I25*Beruházási_ktg_input!J25) -> 2000000 | L25: =IF(B25=Háttér_listák!$B$121,SUMIF(Beruházási_ktg_input!D25:$D$107,Beruházási_ktg_input!D25+1,Beruházási_ktg_input!L25:$L$107),Beruházási_ktg_input!$K25) -> 2000000 | M25: 0 | N25: 0 | O25: =IF(B25=Háttér_listák!$B$121,SUMIF(Beruházási_ktg_input!$D26:D$107,Beruházási_ktg_input!D25+1,$O26:O$107),L25+N25) -> 2000000 | P25: 0 | Q25: Elszámolható költség | R25: Projektmenedzsment költségek | S25: Nem ÁFA visszaigénylő | T25: =IF($B25=Háttér_listák!$B$121,SUMIF($D26:D$107,D25+1,$T26:T$107),IF(Q25=Háttér_listák!$B$125,Beruházási_ktg_input!L25,0)) -> 2000000 | U25: =IF($B25=Háttér_listák!$B$121,SUMIF($D26:D$107,D25+1,$U26:U$107),IF(AND(Q25=Háttér_listák!$B$125,Beruházási_ktg_input!S25=Háttér_listák!$B$130,Főoldal!$C$15="Igen"),Beruházási_ktg_input!N25,0)) -> 0 | V25: =SUM(T25:U25) -> 2000000 | W25: =IF($B25=Háttér_listák!$B$121,SUMIF($D26:D$107,D25+1,$W26:W$107),IF(AND(Q25=Háttér_listák!$B$125,Beruházási_ktg_input!S25=Háttér_listák!$B$130,Főoldal!$C$15="Nem"),Beruházási_ktg_input!N25,0)) -> 0 | X25: =IF($B25=Háttér_listák!$B$121,SUMIF($D26:D$107,D25+1,$X26:X$107),IF(AND(Q25=Háttér_listák!$B$125,Beruházási_ktg_input!S25=Háttér_listák!$B$129),Beruházási_ktg_input!N25,0)) -> 0 | Y25: =IF($B25=Háttér_listák!$B$121,SUMIF($D26:D$107,D25+1,$Y26:Y$107),IF(Q25=Háttér_listák!$B$126,Beruházási_ktg_input!L25,0)) -> 0 | Z25: =IF($B25=Háttér_listák!$B$121,SUMIF($D26:D$107,D25+1,$Z26:Z$107),IF(AND(Q25=Háttér_listák!$B$126,Beruházási_ktg_input!S25=Háttér_listák!$B$129),Beruházási_ktg_input!N25,0)) -> 0 | AA25: =IF($B25=Háttér_listák!$B$121,SUMIF($D26:D$107,D25+1,$AA26:AA$107),IF(AND(Q25=Háttér_listák!$B$126,Beruházási_ktg_input!S25=Háttér_listák!$B$130),Beruházási_ktg_input!N25,0)) -> 0 | AB25: =Y25+AA25 -> 0 | AC25: =V25+AB25 -> 2000000 | AD25: =SUM(W25:AA25) -> 0 | AE25: =V25+AD25 -> 2000000 | AF25: 1 | AK25: =IF(SUM(AF25:AJ25)=0,"",IF(SUM(AF25:AJ25)=1,Háttér_listák!$B$133,Háttér_listák!$B$134)) -> Az ütemezés megfelelő! | AL25: =IF($AE25=0,0,IF($B25=Háttér_listák!$B$122,Beruházási_ktg_input!$V25*Beruházási_ktg_input!AF25,"")) -> 2000000 | AM25: =IF($AE25=0,0,IF($B25=Háttér_listák!$B$122,Beruházási_ktg_input!$V25*Beruházási_ktg_input!AG25,"")) -> 0 | AN25: =IF($AE25=0,0,IF($B25=Háttér_listák!$B$122,Beruházási_ktg_input!$V25*Beruházási_ktg_input!AH25,"")) -> 0 | AO25: =IF($AE25=0,0,IF($B25=Háttér_listák!$B$122,Beruházási_ktg_input!$V25*Beruházási_ktg_input!AI25,"")) -> 0 | AP25: =IF($AE25=0,0,IF($B25=Háttér_listák!$B$122,Beruházási_ktg_input!$V25*Beruházási_ktg_input!AJ25,"")) -> 0 | AQ25: =IF($AE25=0,0,IF($B25=Háttér_listák!$B$122,Beruházási_ktg_input!$AD25*Beruházási_ktg_input!AF25,"")) -> 0 | AR25: =IF($AE25=0,0,IF($B25=Háttér_listák!$B$122,Beruházási_ktg_input!$AD25*Beruházási_ktg_input!AG25,"")) -> 0 | AS25: =IF($AE25=0,0,IF($B25=Háttér_listák!$B$122,Beruházási_ktg_input!$AD25*Beruházási_ktg_input!AH25,"")) -> 0 | AT25: =IF($AE25=0,0,IF($B25=Háttér_listák!$B$122,Beruházási_ktg_input!$AD25*Beruházási_ktg_input!AI25,"")) -> 0 | AU25: =IF($AE25=0,0,IF($B25=Háttér_listák!$B$122,Beruházási_ktg_input!$AD25*Beruházási_ktg_input!AJ25,"")) -> 0 | AV25: =IF($AE25=0,0,IF($B25=Háttér_listák!$B$122,($T25+$Y25)*AF25,"")) -> 2000000 | AW25: =IF($AE25=0,0,IF($B25=Háttér_listák!$B$122,($T25+$Y25)*AG25,"")) -> 0 | AX25: =IF($AE25=0,0,IF($B25=Háttér_listák!$B$122,($T25+$Y25)*AH25,"")) -> 0 | AY25: =IF($AE25=0,0,IF($B25=Háttér_listák!$B$122,($T25+$Y25)*AI25,"")) -> 0 | AZ25: =IF($AE25=0,0,IF($B25=Háttér_listák!$B$122,($T25+$Y25)*AJ25,"")) -> 0
B26: Fősor | C26: =IF(B26=Háttér_listák!$B$121,1,0) -> 1 | D26: =IF(C26=C25,D25,D25+1) -> 9 | E26: Adók közterhek | G26: nem releváns | K26: =IF(B26=Háttér_listák!$B$121,"",Beruházási_ktg_input!I26*Beruházási_ktg_input!J26) | L26: =IF(B26=Háttér_listák!$B$121,SUMIF(Beruházási_ktg_input!D26:$D$107,Beruházási_ktg_input!D26+1,Beruházási_ktg_input!L26:$L$107),Beruházási_ktg_input!$K26) -> 0 | O26: =IF(B26=Háttér_listák!$B$121,SUMIF(Beruházási_ktg_input!$D27:D$107,Beruházási_ktg_input!D26+1,$O27:O$107),L26+N26) -> 0 | T26: =IF($B26=Háttér_listák!$B$121,SUMIF($D27:D$107,D26+1,$T27:T$107),IF(Q26=Háttér_listák!$B$125,Beruházási_ktg_input!L26,0)) -> 0 | U26: =IF($B26=Háttér_listák!$B$121,SUMIF($D27:D$107,D26+1,$U27:U$107),IF(AND(Q26=Háttér_listák!$B$125,Beruházási_ktg_input!S26=Háttér_listák!$B$130,Főoldal!$C$15="Igen"),Beruházási_ktg_input!N26,0)) -> 0 | V26: =SUM(T26:U26) -> 0 | W26: =IF($B26=Háttér_listák!$B$121,SUMIF($D27:D$107,D26+1,$W27:W$107),IF(AND(Q26=Háttér_listák!$B$125,Beruházási_ktg_input!S26=Háttér_listák!$B$130,Főoldal!$C$15="Nem"),Beruházási_ktg_input!N26,0)) -> 0 | X26: =IF($B26=Háttér_listák!$B$121,SUMIF($D27:D$107,D26+1,$X27:X$107),IF(AND(Q26=Háttér_listák!$B$125,Beruházási_ktg_input!S26=Háttér_listák!$B$129),Beruházási_ktg_input!N26,0)) -> 0 | Y26: =IF($B26=Háttér_listák!$B$121,SUMIF($D27:D$107,D26+1,$Y27:Y$107),IF(Q26=Háttér_listák!$B$126,Beruházási_ktg_input!L26,0)) -> 0 | Z26: =IF($B26=Háttér_listák!$B$121,SUMIF($D27:D$107,D26+1,$Z27:Z$107),IF(AND(Q26=Háttér_listák!$B$126,Beruházási_ktg_input!S26=Háttér_listák!$B$129),Beruházási_ktg_input!N26,0)) -> 0 | AA26: =IF($B26=Háttér_listák!$B$121,SUMIF($D27:D$107,D26+1,$AA27:AA$107),IF(AND(Q26=Háttér_listák!$B$126,Beruházási_ktg_input!S26=Háttér_listák!$B$130),Beruházási_ktg_input!N26,0)) -> 0 | AB26: =Y26+AA26 -> 0 | AC26: =V26+AB26 -> 0 | AD26: =SUM(W26:AA26) -> 0 | AE26: =V26+AD26 -> 0 | AK26: =IF(SUM(AF26:AJ26)=0,"",IF(SUM(AF26:AJ26)=1,Háttér_listák!$B$133,Háttér_listák!$B$134)) | AL26: =IF($AE26=0,0,IF($B26=Háttér_listák!$B$122,Beruházási_ktg_input!$V26*Beruházási_ktg_input!AF26,"")) -> 0 | AM26: =IF($AE26=0,0,IF($B26=Háttér_listák!$B$122,Beruházási_ktg_input!$V26*Beruházási_ktg_input!AG26,"")) -> 0 | AN26: =IF($AE26=0,0,IF($B26=Háttér_listák!$B$122,Beruházási_ktg_input!$V26*Beruházási_ktg_input!AH26,"")) -> 0 | AO26: =IF($AE26=0,0,IF($B26=Háttér_listák!$B$122,Beruházási_ktg_input!$V26*Beruházási_ktg_input!AI26,"")) -> 0 | AP26: =IF($AE26=0,0,IF($B26=Háttér_listák!$B$122,Beruházási_ktg_input!$V26*Beruházási_ktg_input!AJ26,"")) -> 0 | AQ26: =IF($AE26=0,0,IF($B26=Háttér_listák!$B$122,Beruházási_ktg_input!$AD26*Beruházási_ktg_input!AF26,"")) -> 0 | AR26: =IF($AE26=0,0,IF($B26=Háttér_listák!$B$122,Beruházási_ktg_input!$AD26*Beruházási_ktg_input!AG26,"")) -> 0 | AS26: =IF($AE26=0,0,IF($B26=Háttér_listák!$B$122,Beruházási_ktg_input!$AD26*Beruházási_ktg_input!AH26,"")) -> 0 | AT26: =IF($AE26=0,0,IF($B26=Háttér_listák!$B$122,Beruházási_ktg_input!$AD26*Beruházási_ktg_input!AI26,"")) -> 0 | AU26: =IF($AE26=0,0,IF($B26=Háttér_listák!$B$122,Beruházási_ktg_input!$AD26*Beruházási_ktg_input!AJ26,"")) -> 0 | AV26: =IF($AE26=0,0,IF($B26=Háttér_listák!$B$122,($T26+$Y26)*AF26,"")) -> 0 | AW26: =IF($AE26=0,0,IF($B26=Háttér_listák!$B$122,($T26+$Y26)*AG26,"")) -> 0 | AX26: =IF($AE26=0,0,IF($B26=Háttér_listák!$B$122,($T26+$Y26)*AH26,"")) -> 0 | AY26: =IF($AE26=0,0,IF($B26=Háttér_listák!$B$122,($T26+$Y26)*AI26,"")) -> 0 | AZ26: =IF($AE26=0,0,IF($B26=Háttér_listák!$B$122,($T26+$Y26)*AJ26,"")) -> 0
B27: Alsor | C27: =IF(B27=Háttér_listák!$B$121,1,0) -> 0 | D27: =IF(C27=C26,D26,D26+1) -> 10 | E27: Adók közterhek | F27: 0 | G27: Nem állami támogatás | I27: 1 | J27: 0 | K27: =IF(B27=Háttér_listák!$B$121,"",Beruházási_ktg_input!I27*Beruházási_ktg_input!J27) -> 0 | L27: =IF(B27=Háttér_listák!$B$121,SUMIF(Beruházási_ktg_input!D27:$D$107,Beruházási_ktg_input!D27+1,Beruházási_ktg_input!L27:$L$107),Beruházási_ktg_input!$K27) -> 0 | M27: 0 | N27: 0 | O27: =IF(B27=Háttér_listák!$B$121,SUMIF(Beruházási_ktg_input!$D28:D$107,Beruházási_ktg_input!D27+1,$O28:O$107),L27+N27) -> 0 | P27: 0 | Q27: Elszámolható költség | R27: Adók, közterhek (ide nem értve a le nem vonható áfát) | S27: Nem ÁFA visszaigénylő | T27: =IF($B27=Háttér_listák!$B$121,SUMIF($D28:D$107,D27+1,$T28:T$107),IF(Q27=Háttér_listák!$B$125,Beruházási_ktg_input!L27,0)) -> 0 | U27: =IF($B27=Háttér_listák!$B$121,SUMIF($D28:D$107,D27+1,$U28:U$107),IF(AND(Q27=Háttér_listák!$B$125,Beruházási_ktg_input!S27=Háttér_listák!$B$130,Főoldal!$C$15="Igen"),Beruházási_ktg_input!N27,0)) -> 0 | V27: =SUM(T27:U27) -> 0 | W27: =IF($B27=Háttér_listák!$B$121,SUMIF($D28:D$107,D27+1,$W28:W$107),IF(AND(Q27=Háttér_listák!$B$125,Beruházási_ktg_input!S27=Háttér_listák!$B$130,Főoldal!$C$15="Nem"),Beruházási_ktg_input!N27,0)) -> 0 | X27: =IF($B27=Háttér_listák!$B$121,SUMIF($D28:D$107,D27+1,$X28:X$107),IF(AND(Q27=Háttér_listák!$B$125,Beruházási_ktg_input!S27=Háttér_listák!$B$129),Beruházási_ktg_input!N27,0)) -> 0 | Y27: =IF($B27=Háttér_listák!$B$121,SUMIF($D28:D$107,D27+1,$Y28:Y$107),IF(Q27=Háttér_listák!$B$126,Beruházási_ktg_input!L27,0)) -> 0 | Z27: =IF($B27=Háttér_listák!$B$121,SUMIF($D28:D$107,D27+1,$Z28:Z$107),IF(AND(Q27=Háttér_listák!$B$126,Beruházási_ktg_input!S27=Háttér_listák!$B$129),Beruházási_ktg_input!N27,0)) -> 0 | AA27: =IF($B27=Háttér_listák!$B$121,SUMIF($D28:D$107,D27+1,$AA28:AA$107),IF(AND(Q27=Háttér_listák!$B$126,Beruházási_ktg_input!S27=Háttér_listák!$B$130),Beruházási_ktg_input!N27,0)) -> 0 | AB27: =Y27+AA27 -> 0 | AC27: =V27+AB27 -> 0 | AD27: =SUM(W27:AA27) -> 0 | AE27: =V27+AD27 -> 0 | AF27: 1 | AK27: =IF(SUM(AF27:AJ27)=0,"",IF(SUM(AF27:AJ27)=1,Háttér_listák!$B$133,Háttér_listák!$B$134)) -> Az ütemezés megfelelő! | AL27: =IF($AE27=0,0,IF($B27=Háttér_listák!$B$122,Beruházási_ktg_input!$V27*Beruházási_ktg_input!AF27,"")) -> 0 | AM27: =IF($AE27=0,0,IF($B27=Háttér_listák!$B$122,Beruházási_ktg_input!$V27*Beruházási_ktg_input!AG27,"")) -> 0 | AN27: =IF($AE27=0,0,IF($B27=Háttér_listák!$B$122,Beruházási_ktg_input!$V27*Beruházási_ktg_input!AH27,"")) -> 0 | AO27: =IF($AE27=0,0,IF($B27=Háttér_listák!$B$122,Beruházási_ktg_input!$V27*Beruházási_ktg_input!AI27,"")) -> 0 | AP27: =IF($AE27=0,0,IF($B27=Háttér_listák!$B$122,Beruházási_ktg_input!$V27*Beruházási_ktg_input!AJ27,"")) -> 0 | AQ27: =IF($AE27=0,0,IF($B27=Háttér_listák!$B$122,Beruházási_ktg_input!$AD27*Beruházási_ktg_input!AF27,"")) -> 0 | AR27: =IF($AE27=0,0,IF($B27=Háttér_listák!$B$122,Beruházási_ktg_input!$AD27*Beruházási_ktg_input!AG27,"")) -> 0 | AS27: =IF($AE27=0,0,IF($B27=Háttér_listák!$B$122,Beruházási_ktg_input!$AD27*Beruházási_ktg_input!AH27,"")) -> 0 | AT27: =IF($AE27=0,0,IF($B27=Háttér_listák!$B$122,Beruházási_ktg_input!$AD27*Beruházási_ktg_input!AI27,"")) -> 0 | AU27: =IF($AE27=0,0,IF($B27=Háttér_listák!$B$122,Beruházási_ktg_input!$AD27*Beruházási_ktg_input!AJ27,"")) -> 0 | AV27: =IF($AE27=0,0,IF($B27=Háttér_listák!$B$122,($T27+$Y27)*AF27,"")) -> 0 | AW27: =IF($AE27=0,0,IF($B27=Háttér_listák!$B$122,($T27+$Y27)*AG27,"")) -> 0 | AX27: =IF($AE27=0,0,IF($B27=Háttér_listák!$B$122,($T27+$Y27)*AH27,"")) -> 0 | AY27: =IF($AE27=0,0,IF($B27=Háttér_listák!$B$122,($T27+$Y27)*AI27,"")) -> 0 | AZ27: =IF($AE27=0,0,IF($B27=Háttér_listák!$B$122,($T27+$Y27)*AJ27,"")) -> 0
B28: Fősor | C28: =IF(B28=Háttér_listák!$B$121,1,0) -> 1 | D28: =IF(C28=C27,D27,D27+1) -> 11 | E28: Tartalék | G28: nem releváns | K28: =IF(B28=Háttér_listák!$B$121,"",Beruházási_ktg_input!I28*Beruházási_ktg_input!J28) | L28: =IF(B28=Háttér_listák!$B$121,SUMIF(Beruházási_ktg_input!D28:$D$107,Beruházási_ktg_input!D28+1,Beruházási_ktg_input!L28:$L$107),Beruházási_ktg_input!$K28) -> 19000000 | O28: =IF(B28=Háttér_listák!$B$121,SUMIF(Beruházási_ktg_input!$D29:D$107,Beruházási_ktg_input!D28+1,$O29:O$107),L28+N28) -> 24130000 | T28: =IF($B28=Háttér_listák!$B$121,SUMIF($D29:D$107,D28+1,$T29:T$107),IF(Q28=Háttér_listák!$B$125,Beruházási_ktg_input!L28,0)) -> 19000000 | U28: =IF($B28=Háttér_listák!$B$121,SUMIF($D29:D$107,D28+1,$U29:U$107),IF(AND(Q28=Háttér_listák!$B$125,Beruházási_ktg_input!S28=Háttér_listák!$B$130,Főoldal!$C$15="Igen"),Beruházási_ktg_input!N28,0)) -> 5130000 | V28: =SUM(T28:U28) -> 24130000 | W28: =IF($B28=Háttér_listák!$B$121,SUMIF($D29:D$107,D28+1,$W29:W$107),IF(AND(Q28=Háttér_listák!$B$125,Beruházási_ktg_input!S28=Háttér_listák!$B$130,Főoldal!$C$15="Nem"),Beruházási_ktg_input!N28,0)) -> 0 | X28: =IF($B28=Háttér_listák!$B$121,SUMIF($D29:D$107,D28+1,$X29:X$107),IF(AND(Q28=Háttér_listák!$B$125,Beruházási_ktg_input!S28=Háttér_listák!$B$129),Beruházási_ktg_input!N28,0)) -> 0 | Y28: =IF($B28=Háttér_listák!$B$121,SUMIF($D29:D$107,D28+1,$Y29:Y$107),IF(Q28=Háttér_listák!$B$126,Beruházási_ktg_input!L28,0)) -> 0 | Z28: =IF($B28=Háttér_listák!$B$121,SUMIF($D29:D$107,D28+1,$Z29:Z$107),IF(AND(Q28=Háttér_listák!$B$126,Beruházási_ktg_input!S28=Háttér_listák!$B$129),Beruházási_ktg_input!N28,0)) -> 0 | AA28: =IF($B28=Háttér_listák!$B$121,SUMIF($D29:D$107,D28+1,$AA29:AA$107),IF(AND(Q28=Háttér_listák!$B$126,Beruházási_ktg_input!S28=Háttér_listák!$B$130),Beruházási_ktg_input!N28,0)) -> 0 | AB28: =Y28+AA28 -> 0 | AC28: =V28+AB28 -> 24130000 | AD28: =SUM(W28:AA28) -> 0 | AE28: =V28+AD28 -> 24130000 | AK28: =IF(SUM(AF28:AJ28)=0,"",IF(SUM(AF28:AJ28)=1,Háttér_listák!$B$133,Háttér_listák!$B$134)) | AL28: =IF($AE28=0,0,IF($B28=Háttér_listák!$B$122,Beruházási_ktg_input!$V28*Beruházási_ktg_input!AF28,"")) | AM28: =IF($AE28=0,0,IF($B28=Háttér_listák!$B$122,Beruházási_ktg_input!$V28*Beruházási_ktg_input!AG28,"")) | AN28: =IF($AE28=0,0,IF($B28=Háttér_listák!$B$122,Beruházási_ktg_input!$V28*Beruházási_ktg_input!AH28,"")) | AO28: =IF($AE28=0,0,IF($B28=Háttér_listák!$B$122,Beruházási_ktg_input!$V28*Beruházási_ktg_input!AI28,"")) | AP28: =IF($AE28=0,0,IF($B28=Háttér_listák!$B$122,Beruházási_ktg_input!$V28*Beruházási_ktg_input!AJ28,"")) | AQ28: =IF($AE28=0,0,IF($B28=Háttér_listák!$B$122,Beruházási_ktg_input!$AD28*Beruházási_ktg_input!AF28,"")) | AR28: =IF($AE28=0,0,IF($B28=Háttér_listák!$B$122,Beruházási_ktg_input!$AD28*Beruházási_ktg_input!AG28,"")) | AS28: =IF($AE28=0,0,IF($B28=Háttér_listák!$B$122,Beruházási_ktg_input!$AD28*Beruházási_ktg_input!AH28,"")) | AT28: =IF($AE28=0,0,IF($B28=Háttér_listák!$B$122,Beruházási_ktg_input!$AD28*Beruházási_ktg_input!AI28,"")) | AU28: =IF($AE28=0,0,IF($B28=Háttér_listák!$B$122,Beruházási_ktg_input!$AD28*Beruházási_ktg_input!AJ28,"")) | AV28: =IF($AE28=0,0,IF($B28=Háttér_listák!$B$122,($T28+$Y28)*AF28,"")) | AW28: =IF($AE28=0,0,IF($B28=Háttér_listák!$B$122,($T28+$Y28)*AG28,"")) | AX28: =IF($AE28=0,0,IF($B28=Háttér_listák!$B$122,($T28+$Y28)*AH28,"")) | AY28: =IF($AE28=0,0,IF($B28=Háttér_listák!$B$122,($T28+$Y28)*AI28,"")) | AZ28: =IF($AE28=0,0,IF($B28=Háttér_listák!$B$122,($T28+$Y28)*AJ28,""))
B29: Alsor | C29: =IF(B29=Háttér_listák!$B$121,1,0) -> 0 | D29: =IF(C29=C28,D28,D28+1) -> 12 | E29: Tartalék | F29: 0 | G29: Nem állami támogatás | I29: 1 | J29: 19000000 | K29: =IF(B29=Háttér_listák!$B$121,"",Beruházási_ktg_input!I29*Beruházási_ktg_input!J29) -> 19000000 | L29: =IF(B29=Háttér_listák!$B$121,SUMIF(Beruházási_ktg_input!D29:$D$107,Beruházási_ktg_input!D29+1,Beruházási_ktg_input!L29:$L$107),Beruházási_ktg_input!$K29) -> 19000000 | M29: 0.27 | N29: 5130000 | O29: =IF(B29=Háttér_listák!$B$121,SUMIF(Beruházási_ktg_input!$D30:D$107,Beruházási_ktg_input!D29+1,$O30:O$107),L29+N29) -> 24130000 | P29: 0 | Q29: Elszámolható költség | R29: Tartalék | S29: Nem ÁFA visszaigénylő | T29: =IF($B29=Háttér_listák!$B$121,SUMIF($D30:D$107,D29+1,$T30:T$107),IF(Q29=Háttér_listák!$B$125,Beruházási_ktg_input!L29,0)) -> 19000000 | U29: =IF($B29=Háttér_listák!$B$121,SUMIF($D30:D$107,D29+1,$U30:U$107),IF(AND(Q29=Háttér_listák!$B$125,Beruházási_ktg_input!S29=Háttér_listák!$B$130,Főoldal!$C$15="Igen"),Beruházási_ktg_input!N29,0)) -> 5130000 | V29: =SUM(T29:U29) -> 24130000 | W29: =IF($B29=Háttér_listák!$B$121,SUMIF($D30:D$107,D29+1,$W30:W$107),IF(AND(Q29=Háttér_listák!$B$125,Beruházási_ktg_input!S29=Háttér_listák!$B$130,Főoldal!$C$15="Nem"),Beruházási_ktg_input!N29,0)) -> 0 | X29: =IF($B29=Háttér_listák!$B$121,SUMIF($D30:D$107,D29+1,$X30:X$107),IF(AND(Q29=Háttér_listák!$B$125,Beruházási_ktg_input!S29=Háttér_listák!$B$129),Beruházási_ktg_input!N29,0)) -> 0 | Y29: =IF($B29=Háttér_listák!$B$121,SUMIF($D30:D$107,D29+1,$Y30:Y$107),IF(Q29=Háttér_listák!$B$126,Beruházási_ktg_input!L29,0)) -> 0 | Z29: =IF($B29=Háttér_listák!$B$121,SUMIF($D30:D$107,D29+1,$Z30:Z$107),IF(AND(Q29=Háttér_listák!$B$126,Beruházási_ktg_input!S29=Háttér_listák!$B$129),Beruházási_ktg_input!N29,0)) -> 0 | AA29: =IF($B29=Háttér_listák!$B$121,SUMIF($D30:D$107,D29+1,$AA30:AA$107),IF(AND(Q29=Háttér_listák!$B$126,Beruházási_ktg_input!S29=Háttér_listák!$B$130),Beruházási_ktg_input!N29,0)) -> 0 | AB29: =Y29+AA29 -> 0 | AC29: =V29+AB29 -> 24130000 | AD29: =SUM(W29:AA29) -> 0 | AE29: =V29+AD29 -> 24130000 | AF29: 1 | AK29: =IF(SUM(AF29:AJ29)=0,"",IF(SUM(AF29:AJ29)=1,Háttér_listák!$B$133,Háttér_listák!$B$134)) -> Az ütemezés megfelelő! | AL29: =IF($AE29=0,0,IF($B29=Háttér_listák!$B$122,Beruházási_ktg_input!$V29*Beruházási_ktg_input!AF29,"")) -> 24130000 | AM29: =IF($AE29=0,0,IF($B29=Háttér_listák!$B$122,Beruházási_ktg_input!$V29*Beruházási_ktg_input!AG29,"")) -> 0 | AN29: =IF($AE29=0,0,IF($B29=Háttér_listák!$B$122,Beruházási_ktg_input!$V29*Beruházási_ktg_input!AH29,"")) -> 0 | AO29: =IF($AE29=0,0,IF($B29=Háttér_listák!$B$122,Beruházási_ktg_input!$V29*Beruházási_ktg_input!AI29,"")) -> 0 | AP29: =IF($AE29=0,0,IF($B29=Háttér_listák!$B$122,Beruházási_ktg_input!$V29*Beruházási_ktg_input!AJ29,"")) -> 0 | AQ29: =IF($AE29=0,0,IF($B29=Háttér_listák!$B$122,Beruházási_ktg_input!$AD29*Beruházási_ktg_input!AF29,"")) -> 0 | AR29: =IF($AE29=0,0,IF($B29=Háttér_listák!$B$122,Beruházási_ktg_input!$AD29*Beruházási_ktg_input!AG29,"")) -> 0 | AS29: =IF($AE29=0,0,IF($B29=Háttér_listák!$B$122,Beruházási_ktg_input!$AD29*Beruházási_ktg_input!AH29,"")) -> 0 | AT29: =IF($AE29=0,0,IF($B29=Háttér_listák!$B$122,Beruházási_ktg_input!$AD29*Beruházási_ktg_input!AI29,"")) -> 0 | AU29: =IF($AE29=0,0,IF($B29=Háttér_listák!$B$122,Beruházási_ktg_input!$AD29*Beruházási_ktg_input!AJ29,"")) -> 0 | AV29: =IF($AE29=0,0,IF($B29=Háttér_listák!$B$122,($T29+$Y29)*AF29,"")) -> 19000000 | AW29: =IF($AE29=0,0,IF($B29=Háttér_listák!$B$122,($T29+$Y29)*AG29,"")) -> 0 | AX29: =IF($AE29=0,0,IF($B29=Háttér_listák!$B$122,($T29+$Y29)*AH29,"")) -> 0 | AY29: =IF($AE29=0,0,IF($B29=Háttér_listák!$B$122,($T29+$Y29)*AI29,"")) -> 0 | AZ29: =IF($AE29=0,0,IF($B29=Háttér_listák!$B$122,($T29+$Y29)*AJ29,"")) -> 0
C30: =IF(B30=Háttér_listák!$B$121,1,0) -> 0 | D30: =IF(C30=C29,D29,D29+1) -> 12 | K30: =IF(B30=Háttér_listák!$B$121,"",Beruházási_ktg_input!I30*Beruházási_ktg_input!J30) -> 0 | L30: =IF(B30=Háttér_listák!$B$121,SUMIF(Beruházási_ktg_input!D30:$D$107,Beruházási_ktg_input!D30+1,Beruházási_ktg_input!L30:$L$107),Beruházási_ktg_input!$K30) -> 0 | N30: 0 | O30: =IF(B30=Háttér_listák!$B$121,SUMIF(Beruházási_ktg_input!$D103:D$107,Beruházási_ktg_input!D30+1,$O103:O$107),L30+N30) -> 0 | P30: 0 | T30: =IF($B30=Háttér_listák!$B$121,SUMIF($D103:D$107,D30+1,$T103:T$107),IF(Q30=Háttér_listák!$B$125,Beruházási_ktg_input!L30,0)) -> 0 | U30: =IF($B30=Háttér_listák!$B$121,SUMIF($D103:D$107,D30+1,$U103:U$107),IF(AND(Q30=Háttér_listák!$B$125,Beruházási_ktg_input!S30=Háttér_listák!$B$130,Főoldal!$C$15="Igen"),Beruházási_ktg_input!N30,0)) -> 0 | V30: =SUM(T30:U30) -> 0 | W30: =IF($B30=Háttér_listák!$B$121,SUMIF($D103:D$107,D30+1,$W103:W$107),IF(AND(Q30=Háttér_listák!$B$125,Beruházási_ktg_input!S30=Háttér_listák!$B$130,Főoldal!$C$15="Nem"),Beruházási_ktg_input!N30,0)) -> 0 | X30: =IF($B30=Háttér_listák!$B$121,SUMIF($D103:D$107,D30+1,$X103:X$107),IF(AND(Q30=Háttér_listák!$B$125,Beruházási_ktg_input!S30=Háttér_listák!$B$129),Beruházási_ktg_input!N30,0)) -> 0 | Y30: =IF($B30=Háttér_listák!$B$121,SUMIF($D103:D$107,D30+1,$Y103:Y$107),IF(Q30=Háttér_listák!$B$126,Beruházási_ktg_input!L30,0)) -> 0 | Z30: =IF($B30=Háttér_listák!$B$121,SUMIF($D103:D$107,D30+1,$Z103:Z$107),IF(AND(Q30=Háttér_listák!$B$126,Beruházási_ktg_input!S30=Háttér_listák!$B$129),Beruházási_ktg_input!N30,0)) -> 0 | AA30: =IF($B30=Háttér_listák!$B$121,SUMIF($D103:D$107,D30+1,$AA103:AA$107),IF(AND(Q30=Háttér_listák!$B$126,Beruházási_ktg_input!S30=Háttér_listák!$B$130),Beruházási_ktg_input!N30,0)) -> 0 | AB30: =Y30+AA30 -> 0 | AC30: =V30+AB30 -> 0 | AD30: =SUM(W30:AA30) -> 0 | AE30: =V30+AD30 -> 0 | AK30: =IF(SUM(AF30:AJ30)=0,"",IF(SUM(AF30:AJ30)=1,Háttér_listák!$B$133,Háttér_listák!$B$134)) | AL30: =IF($AE30=0,0,IF($B30=Háttér_listák!$B$122,Beruházási_ktg_input!$V30*Beruházási_ktg_input!AF30,"")) -> 0 | AM30: =IF($AE30=0,0,IF($B30=Háttér_listák!$B$122,Beruházási_ktg_input!$V30*Beruházási_ktg_input!AG30,"")) -> 0 | AN30: =IF($AE30=0,0,IF($B30=Háttér_listák!$B$122,Beruházási_ktg_input!$V30*Beruházási_ktg_input!AH30,"")) -> 0 | AO30: =IF($AE30=0,0,IF($B30=Háttér_listák!$B$122,Beruházási_ktg_input!$V30*Beruházási_ktg_input!AI30,"")) -> 0 | AP30: =IF($AE30=0,0,IF($B30=Háttér_listák!$B$122,Beruházási_ktg_input!$V30*Beruházási_ktg_input!AJ30,"")) -> 0 | AQ30: =IF($AE30=0,0,IF($B30=Háttér_listák!$B$122,Beruházási_ktg_input!$AD30*Beruházási_ktg_input!AF30,"")) -> 0 | AR30: =IF($AE30=0,0,IF($B30=Háttér_listák!$B$122,Beruházási_ktg_input!$AD30*Beruházási_ktg_input!AG30,"")) -> 0 | AS30: =IF($AE30=0,0,IF($B30=Háttér_listák!$B$122,Beruházási_ktg_input!$AD30*Beruházási_ktg_input!AH30,"")) -> 0 | AT30: =IF($AE30=0,0,IF($B30=Háttér_listák!$B$122,Beruházási_ktg_input!$AD30*Beruházási_ktg_input!AI30,"")) -> 0 | AU30: =IF($AE30=0,0,IF($B30=Háttér_listák!$B$122,Beruházási_ktg_input!$AD30*Beruházási_ktg_input!AJ30,"")) -> 0 | AV30: =IF($AE30=0,0,IF($B30=Háttér_listák!$B$122,($T30+$Y30)*AF30,"")) -> 0 | AW30: =IF($AE30=0,0,IF($B30=Háttér_listák!$B$122,($T30+$Y30)*AG30,"")) -> 0 | AX30: =IF($AE30=0,0,IF($B30=Háttér_listák!$B$122,($T30+$Y30)*AH30,"")) -> 0 | AY30: =IF($AE30=0,0,IF($B30=Háttér_listák!$B$122,($T30+$Y30)*AI30,"")) -> 0 | AZ30: =IF($AE30=0,0,IF($B30=Háttér_listák!$B$122,($T30+$Y30)*AJ30,"")) -> 0
C31: =IF(B31=Háttér_listák!$B$121,1,0) -> 0 | D31: =IF(C31=C30,D30,D30+1) -> 12 | K31: =IF(B31=Háttér_listák!$B$121,"",Beruházási_ktg_input!I31*Beruházási_ktg_input!J31) -> 0 | L31: =IF(B31=Háttér_listák!$B$121,SUMIF(Beruházási_ktg_input!D31:$D$107,Beruházási_ktg_input!D31+1,Beruházási_ktg_input!L31:$L$107),Beruházási_ktg_input!$K31) -> 0 | N31: 0 | O31: =IF(B31=Háttér_listák!$B$121,SUMIF(Beruházási_ktg_input!$D104:D$107,Beruházási_ktg_input!D31+1,$O104:O$107),L31+N31) -> 0 | P31: 0 | T31: =IF($B31=Háttér_listák!$B$121,SUMIF($D104:D$107,D31+1,$T104:T$107),IF(Q31=Háttér_listák!$B$125,Beruházási_ktg_input!L31,0)) -> 0 | U31: =IF($B31=Háttér_listák!$B$121,SUMIF($D104:D$107,D31+1,$U104:U$107),IF(AND(Q31=Háttér_listák!$B$125,Beruházási_ktg_input!S31=Háttér_listák!$B$130,Főoldal!$C$15="Igen"),Beruházási_ktg_input!N31,0)) -> 0 | V31: =SUM(T31:U31) -> 0 | W31: =IF($B31=Háttér_listák!$B$121,SUMIF($D104:D$107,D31+1,$W104:W$107),IF(AND(Q31=Háttér_listák!$B$125,Beruházási_ktg_input!S31=Háttér_listák!$B$130,Főoldal!$C$15="Nem"),Beruházási_ktg_input!N31,0)) -> 0 | X31: =IF($B31=Háttér_listák!$B$121,SUMIF($D104:D$107,D31+1,$X104:X$107),IF(AND(Q31=Háttér_listák!$B$125,Beruházási_ktg_input!S31=Háttér_listák!$B$129),Beruházási_ktg_input!N31,0)) -> 0 | Y31: =IF($B31=Háttér_listák!$B$121,SUMIF($D104:D$107,D31+1,$Y104:Y$107),IF(Q31=Háttér_listák!$B$126,Beruházási_ktg_input!L31,0)) -> 0 | Z31: =IF($B31=Háttér_listák!$B$121,SUMIF($D104:D$107,D31+1,$Z104:Z$107),IF(AND(Q31=Háttér_listák!$B$126,Beruházási_ktg_input!S31=Háttér_listák!$B$129),Beruházási_ktg_input!N31,0)) -> 0 | AA31: =IF($B31=Háttér_listák!$B$121,SUMIF($D104:D$107,D31+1,$AA104:AA$107),IF(AND(Q31=Háttér_listák!$B$126,Beruházási_ktg_input!S31=Háttér_listák!$B$130),Beruházási_ktg_input!N31,0)) -> 0 | AB31: =Y31+AA31 -> 0 | AC31: =V31+AB31 -> 0 | AD31: =SUM(W31:AA31) -> 0 | AE31: =V31+AD31 -> 0 | AK31: =IF(SUM(AF31:AJ31)=0,"",IF(SUM(AF31:AJ31)=1,Háttér_listák!$B$133,Háttér_listák!$B$134)) | AL31: =IF($AE31=0,0,IF($B31=Háttér_listák!$B$122,Beruházási_ktg_input!$V31*Beruházási_ktg_input!AF31,"")) -> 0 | AM31: =IF($AE31=0,0,IF($B31=Háttér_listák!$B$122,Beruházási_ktg_input!$V31*Beruházási_ktg_input!AG31,"")) -> 0 | AN31: =IF($AE31=0,0,IF($B31=Háttér_listák!$B$122,Beruházási_ktg_input!$V31*Beruházási_ktg_input!AH31,"")) -> 0 | AO31: =IF($AE31=0,0,IF($B31=Háttér_listák!$B$122,Beruházási_ktg_input!$V31*Beruházási_ktg_input!AI31,"")) -> 0 | AP31: =IF($AE31=0,0,IF($B31=Háttér_listák!$B$122,Beruházási_ktg_input!$V31*Beruházási_ktg_input!AJ31,"")) -> 0 | AQ31: =IF($AE31=0,0,IF($B31=Háttér_listák!$B$122,Beruházási_ktg_input!$AD31*Beruházási_ktg_input!AF31,"")) -> 0 | AR31: =IF($AE31=0,0,IF($B31=Háttér_listák!$B$122,Beruházási_ktg_input!$AD31*Beruházási_ktg_input!AG31,"")) -> 0 | AS31: =IF($AE31=0,0,IF($B31=Háttér_listák!$B$122,Beruházási_ktg_input!$AD31*Beruházási_ktg_input!AH31,"")) -> 0 | AT31: =IF($AE31=0,0,IF($B31=Háttér_listák!$B$122,Beruházási_ktg_input!$AD31*Beruházási_ktg_input!AI31,"")) -> 0 | AU31: =IF($AE31=0,0,IF($B31=Háttér_listák!$B$122,Beruházási_ktg_input!$AD31*Beruházási_ktg_input!AJ31,"")) -> 0 | AV31: =IF($AE31=0,0,IF($B31=Háttér_listák!$B$122,($T31+$Y31)*AF31,"")) -> 0 | AW31: =IF($AE31=0,0,IF($B31=Háttér_listák!$B$122,($T31+$Y31)*AG31,"")) -> 0 | AX31: =IF($AE31=0,0,IF($B31=Háttér_listák!$B$122,($T31+$Y31)*AH31,"")) -> 0 | AY31: =IF($AE31=0,0,IF($B31=Háttér_listák!$B$122,($T31+$Y31)*AI31,"")) -> 0 | AZ31: =IF($AE31=0,0,IF($B31=Háttér_listák!$B$122,($T31+$Y31)*AJ31,"")) -> 0
C32: =IF(B32=Háttér_listák!$B$121,1,0) -> 0 | D32: =IF(C32=C31,D31,D31+1) -> 12 | K32: =IF(B32=Háttér_listák!$B$121,"",Beruházási_ktg_input!I32*Beruházási_ktg_input!J32) -> 0 | L32: =IF(B32=Háttér_listák!$B$121,SUMIF(Beruházási_ktg_input!D32:$D$107,Beruházási_ktg_input!D32+1,Beruházási_ktg_input!L32:$L$107),Beruházási_ktg_input!$K32) -> 0 | N32: 0 | O32: =IF(B32=Háttér_listák!$B$121,SUMIF(Beruházási_ktg_input!$D105:D$107,Beruházási_ktg_input!D32+1,$O105:O$107),L32+N32) -> 0 | P32: 0 | T32: =IF($B32=Háttér_listák!$B$121,SUMIF($D105:D$107,D32+1,$T105:T$107),IF(Q32=Háttér_listák!$B$125,Beruházási_ktg_input!L32,0)) -> 0 | U32: =IF($B32=Háttér_listák!$B$121,SUMIF($D105:D$107,D32+1,$U105:U$107),IF(AND(Q32=Háttér_listák!$B$125,Beruházási_ktg_input!S32=Háttér_listák!$B$130,Főoldal!$C$15="Igen"),Beruházási_ktg_input!N32,0)) -> 0 | V32: =SUM(T32:U32) -> 0 | W32: =IF($B32=Háttér_listák!$B$121,SUMIF($D105:D$107,D32+1,$W105:W$107),IF(AND(Q32=Háttér_listák!$B$125,Beruházási_ktg_input!S32=Háttér_listák!$B$130,Főoldal!$C$15="Nem"),Beruházási_ktg_input!N32,0)) -> 0 | X32: =IF($B32=Háttér_listák!$B$121,SUMIF($D105:D$107,D32+1,$X105:X$107),IF(AND(Q32=Háttér_listák!$B$125,Beruházási_ktg_input!S32=Háttér_listák!$B$129),Beruházási_ktg_input!N32,0)) -> 0 | Y32: =IF($B32=Háttér_listák!$B$121,SUMIF($D105:D$107,D32+1,$Y105:Y$107),IF(Q32=Háttér_listák!$B$126,Beruházási_ktg_input!L32,0)) -> 0 | Z32: =IF($B32=Háttér_listák!$B$121,SUMIF($D105:D$107,D32+1,$Z105:Z$107),IF(AND(Q32=Háttér_listák!$B$126,Beruházási_ktg_input!S32=Háttér_listák!$B$129),Beruházási_ktg_input!N32,0)) -> 0 | AA32: =IF($B32=Háttér_listák!$B$121,SUMIF($D105:D$107,D32+1,$AA105:AA$107),IF(AND(Q32=Háttér_listák!$B$126,Beruházási_ktg_input!S32=Háttér_listák!$B$130),Beruházási_ktg_input!N32,0)) -> 0 | AB32: =Y32+AA32 -> 0 | AC32: =V32+AB32 -> 0 | AD32: =SUM(W32:AA32) -> 0 | AE32: =V32+AD32 -> 0 | AK32: =IF(SUM(AF32:AJ32)=0,"",IF(SUM(AF32:AJ32)=1,Háttér_listák!$B$133,Háttér_listák!$B$134)) | AL32: =IF($AE32=0,0,IF($B32=Háttér_listák!$B$122,Beruházási_ktg_input!$V32*Beruházási_ktg_input!AF32,"")) -> 0 | AM32: =IF($AE32=0,0,IF($B32=Háttér_listák!$B$122,Beruházási_ktg_input!$V32*Beruházási_ktg_input!AG32,"")) -> 0 | AN32: =IF($AE32=0,0,IF($B32=Háttér_listák!$B$122,Beruházási_ktg_input!$V32*Beruházási_ktg_input!AH32,"")) -> 0 | AO32: =IF($AE32=0,0,IF($B32=Háttér_listák!$B$122,Beruházási_ktg_input!$V32*Beruházási_ktg_input!AI32,"")) -> 0 | AP32: =IF($AE32=0,0,IF($B32=Háttér_listák!$B$122,Beruházási_ktg_input!$V32*Beruházási_ktg_input!AJ32,"")) -> 0 | AQ32: =IF($AE32=0,0,IF($B32=Háttér_listák!$B$122,Beruházási_ktg_input!$AD32*Beruházási_ktg_input!AF32,"")) -> 0 | AR32: =IF($AE32=0,0,IF($B32=Háttér_listák!$B$122,Beruházási_ktg_input!$AD32*Beruházási_ktg_input!AG32,"")) -> 0 | AS32: =IF($AE32=0,0,IF($B32=Háttér_listák!$B$122,Beruházási_ktg_input!$AD32*Beruházási_ktg_input!AH32,"")) -> 0 | AT32: =IF($AE32=0,0,IF($B32=Háttér_listák!$B$122,Beruházási_ktg_input!$AD32*Beruházási_ktg_input!AI32,"")) -> 0 | AU32: =IF($AE32=0,0,IF($B32=Háttér_listák!$B$122,Beruházási_ktg_input!$AD32*Beruházási_ktg_input!AJ32,"")) -> 0 | AV32: =IF($AE32=0,0,IF($B32=Háttér_listák!$B$122,($T32+$Y32)*AF32,"")) -> 0 | AW32: =IF($AE32=0,0,IF($B32=Háttér_listák!$B$122,($T32+$Y32)*AG32,"")) -> 0 | AX32: =IF($AE32=0,0,IF($B32=Háttér_listák!$B$122,($T32+$Y32)*AH32,"")) -> 0 | AY32: =IF($AE32=0,0,IF($B32=Háttér_listák!$B$122,($T32+$Y32)*AI32,"")) -> 0 | AZ32: =IF($AE32=0,0,IF($B32=Háttér_listák!$B$122,($T32+$Y32)*AJ32,"")) -> 0
C33: =IF(B33=Háttér_listák!$B$121,1,0) -> 0 | D33: =IF(C33=C32,D32,D32+1) -> 12 | K33: =IF(B33=Háttér_listák!$B$121,"",Beruházási_ktg_input!I33*Beruházási_ktg_input!J33) -> 0 | L33: =IF(B33=Háttér_listák!$B$121,SUMIF(Beruházási_ktg_input!D33:$D$107,Beruházási_ktg_input!D33+1,Beruházási_ktg_input!L33:$L$107),Beruházási_ktg_input!$K33) -> 0 | N33: 0 | O33: =IF(B33=Háttér_listák!$B$121,SUMIF(Beruházási_ktg_input!$D106:D$107,Beruházási_ktg_input!D33+1,$O106:O$107),L33+N33) -> 0 | P33: 0 | T33: =IF($B33=Háttér_listák!$B$121,SUMIF($D106:D$107,D33+1,$T106:T$107),IF(Q33=Háttér_listák!$B$125,Beruházási_ktg_input!L33,0)) -> 0 | U33: =IF($B33=Háttér_listák!$B$121,SUMIF($D106:D$107,D33+1,$U106:U$107),IF(AND(Q33=Háttér_listák!$B$125,Beruházási_ktg_input!S33=Háttér_listák!$B$130,Főoldal!$C$15="Igen"),Beruházási_ktg_input!N33,0)) -> 0 | V33: =SUM(T33:U33) -> 0 | W33: =IF($B33=Háttér_listák!$B$121,SUMIF($D106:D$107,D33+1,$W106:W$107),IF(AND(Q33=Háttér_listák!$B$125,Beruházási_ktg_input!S33=Háttér_listák!$B$130,Főoldal!$C$15="Nem"),Beruházási_ktg_input!N33,0)) -> 0 | X33: =IF($B33=Háttér_listák!$B$121,SUMIF($D106:D$107,D33+1,$X106:X$107),IF(AND(Q33=Háttér_listák!$B$125,Beruházási_ktg_input!S33=Háttér_listák!$B$129),Beruházási_ktg_input!N33,0)) -> 0 | Y33: =IF($B33=Háttér_listák!$B$121,SUMIF($D106:D$107,D33+1,$Y106:Y$107),IF(Q33=Háttér_listák!$B$126,Beruházási_ktg_input!L33,0)) -> 0 | Z33: =IF($B33=Háttér_listák!$B$121,SUMIF($D106:D$107,D33+1,$Z106:Z$107),IF(AND(Q33=Háttér_listák!$B$126,Beruházási_ktg_input!S33=Háttér_listák!$B$129),Beruházási_ktg_input!N33,0)) -> 0 | AA33: =IF($B33=Háttér_listák!$B$121,SUMIF($D106:D$107,D33+1,$AA106:AA$107),IF(AND(Q33=Háttér_listák!$B$126,Beruházási_ktg_input!S33=Háttér_listák!$B$130),Beruházási_ktg_input!N33,0)) -> 0 | AB33: =Y33+AA33 -> 0 | AC33: =V33+AB33 -> 0 | AD33: =SUM(W33:AA33) -> 0 | AE33: =V33+AD33 -> 0 | AK33: =IF(SUM(AF33:AJ33)=0,"",IF(SUM(AF33:AJ33)=1,Háttér_listák!$B$133,Háttér_listák!$B$134)) | AL33: =IF($AE33=0,0,IF($B33=Háttér_listák!$B$122,Beruházási_ktg_input!$V33*Beruházási_ktg_input!AF33,"")) -> 0 | AM33: =IF($AE33=0,0,IF($B33=Háttér_listák!$B$122,Beruházási_ktg_input!$V33*Beruházási_ktg_input!AG33,"")) -> 0 | AN33: =IF($AE33=0,0,IF($B33=Háttér_listák!$B$122,Beruházási_ktg_input!$V33*Beruházási_ktg_input!AH33,"")) -> 0 | AO33: =IF($AE33=0,0,IF($B33=Háttér_listák!$B$122,Beruházási_ktg_input!$V33*Beruházási_ktg_input!AI33,"")) -> 0 | AP33: =IF($AE33=0,0,IF($B33=Háttér_listák!$B$122,Beruházási_ktg_input!$V33*Beruházási_ktg_input!AJ33,"")) -> 0 | AQ33: =IF($AE33=0,0,IF($B33=Háttér_listák!$B$122,Beruházási_ktg_input!$AD33*Beruházási_ktg_input!AF33,"")) -> 0 | AR33: =IF($AE33=0,0,IF($B33=Háttér_listák!$B$122,Beruházási_ktg_input!$AD33*Beruházási_ktg_input!AG33,"")) -> 0 | AS33: =IF($AE33=0,0,IF($B33=Háttér_listák!$B$122,Beruházási_ktg_input!$AD33*Beruházási_ktg_input!AH33,"")) -> 0 | AT33: =IF($AE33=0,0,IF($B33=Háttér_listák!$B$122,Beruházási_ktg_input!$AD33*Beruházási_ktg_input!AI33,"")) -> 0 | AU33: =IF($AE33=0,0,IF($B33=Háttér_listák!$B$122,Beruházási_ktg_input!$AD33*Beruházási_ktg_input!AJ33,"")) -> 0 | AV33: =IF($AE33=0,0,IF($B33=Háttér_listák!$B$122,($T33+$Y33)*AF33,"")) -> 0 | AW33: =IF($AE33=0,0,IF($B33=Háttér_listák!$B$122,($T33+$Y33)*AG33,"")) -> 0 | AX33: =IF($AE33=0,0,IF($B33=Háttér_listák!$B$122,($T33+$Y33)*AH33,"")) -> 0 | AY33: =IF($AE33=0,0,IF($B33=Háttér_listák!$B$122,($T33+$Y33)*AI33,"")) -> 0 | AZ33: =IF($AE33=0,0,IF($B33=Háttér_listák!$B$122,($T33+$Y33)*AJ33,"")) -> 0
C34: =IF(B34=Háttér_listák!$B$121,1,0) -> 0 | D34: =IF(C34=C33,D33,D33+1) -> 12 | K34: =IF(B34=Háttér_listák!$B$121,"",Beruházási_ktg_input!I34*Beruházási_ktg_input!J34) -> 0 | L34: =IF(B34=Háttér_listák!$B$121,SUMIF(Beruházási_ktg_input!D34:$D$107,Beruházási_ktg_input!D34+1,Beruházási_ktg_input!L34:$L$107),Beruházási_ktg_input!$K34) -> 0 | N34: 0 | O34: =IF(B34=Háttér_listák!$B$121,SUMIF(Beruházási_ktg_input!$D107:D$107,Beruházási_ktg_input!D34+1,$O107:O$107),L34+N34) -> 0 | P34: 0 | T34: =IF($B34=Háttér_listák!$B$121,SUMIF($D107:D$107,D34+1,$T107:T$107),IF(Q34=Háttér_listák!$B$125,Beruházási_ktg_input!L34,0)) -> 0 | U34: =IF($B34=Háttér_listák!$B$121,SUMIF($D107:D$107,D34+1,$U107:U$107),IF(AND(Q34=Háttér_listák!$B$125,Beruházási_ktg_input!S34=Háttér_listák!$B$130,Főoldal!$C$15="Igen"),Beruházási_ktg_input!N34,0)) -> 0 | V34: =SUM(T34:U34) -> 0 | W34: =IF($B34=Háttér_listák!$B$121,SUMIF($D107:D$107,D34+1,$W107:W$107),IF(AND(Q34=Háttér_listák!$B$125,Beruházási_ktg_input!S34=Háttér_listák!$B$130,Főoldal!$C$15="Nem"),Beruházási_ktg_input!N34,0)) -> 0 | X34: =IF($B34=Háttér_listák!$B$121,SUMIF($D107:D$107,D34+1,$X107:X$107),IF(AND(Q34=Háttér_listák!$B$125,Beruházási_ktg_input!S34=Háttér_listák!$B$129),Beruházási_ktg_input!N34,0)) -> 0 | Y34: =IF($B34=Háttér_listák!$B$121,SUMIF($D107:D$107,D34+1,$Y107:Y$107),IF(Q34=Háttér_listák!$B$126,Beruházási_ktg_input!L34,0)) -> 0 | Z34: =IF($B34=Háttér_listák!$B$121,SUMIF($D107:D$107,D34+1,$Z107:Z$107),IF(AND(Q34=Háttér_listák!$B$126,Beruházási_ktg_input!S34=Háttér_listák!$B$129),Beruházási_ktg_input!N34,0)) -> 0 | AA34: =IF($B34=Háttér_listák!$B$121,SUMIF($D107:D$107,D34+1,$AA107:AA$107),IF(AND(Q34=Háttér_listák!$B$126,Beruházási_ktg_input!S34=Háttér_listák!$B$130),Beruházási_ktg_input!N34,0)) -> 0 | AB34: =Y34+AA34 -> 0 | AC34: =V34+AB34 -> 0 | AD34: =SUM(W34:AA34) -> 0 | AE34: =V34+AD34 -> 0 | AK34: =IF(SUM(AF34:AJ34)=0,"",IF(SUM(AF34:AJ34)=1,Háttér_listák!$B$133,Háttér_listák!$B$134)) | AL34: =IF($AE34=0,0,IF($B34=Háttér_listák!$B$122,Beruházási_ktg_input!$V34*Beruházási_ktg_input!AF34,"")) -> 0 | AM34: =IF($AE34=0,0,IF($B34=Háttér_listák!$B$122,Beruházási_ktg_input!$V34*Beruházási_ktg_input!AG34,"")) -> 0 | AN34: =IF($AE34=0,0,IF($B34=Háttér_listák!$B$122,Beruházási_ktg_input!$V34*Beruházási_ktg_input!AH34,"")) -> 0 | AO34: =IF($AE34=0,0,IF($B34=Háttér_listák!$B$122,Beruházási_ktg_input!$V34*Beruházási_ktg_input!AI34,"")) -> 0 | AP34: =IF($AE34=0,0,IF($B34=Háttér_listák!$B$122,Beruházási_ktg_input!$V34*Beruházási_ktg_input!AJ34,"")) -> 0 | AQ34: =IF($AE34=0,0,IF($B34=Háttér_listák!$B$122,Beruházási_ktg_input!$AD34*Beruházási_ktg_input!AF34,"")) -> 0 | AR34: =IF($AE34=0,0,IF($B34=Háttér_listák!$B$122,Beruházási_ktg_input!$AD34*Beruházási_ktg_input!AG34,"")) -> 0 | AS34: =IF($AE34=0,0,IF($B34=Háttér_listák!$B$122,Beruházási_ktg_input!$AD34*Beruházási_ktg_input!AH34,"")) -> 0 | AT34: =IF($AE34=0,0,IF($B34=Háttér_listák!$B$122,Beruházási_ktg_input!$AD34*Beruházási_ktg_input!AI34,"")) -> 0 | AU34: =IF($AE34=0,0,IF($B34=Háttér_listák!$B$122,Beruházási_ktg_input!$AD34*Beruházási_ktg_input!AJ34,"")) -> 0 | AV34: =IF($AE34=0,0,IF($B34=Háttér_listák!$B$122,($T34+$Y34)*AF34,"")) -> 0 | AW34: =IF($AE34=0,0,IF($B34=Háttér_listák!$B$122,($T34+$Y34)*AG34,"")) -> 0 | AX34: =IF($AE34=0,0,IF($B34=Háttér_listák!$B$122,($T34+$Y34)*AH34,"")) -> 0 | AY34: =IF($AE34=0,0,IF($B34=Háttér_listák!$B$122,($T34+$Y34)*AI34,"")) -> 0 | AZ34: =IF($AE34=0,0,IF($B34=Háttér_listák!$B$122,($T34+$Y34)*AJ34,"")) -> 0
C35: =IF(B35=Háttér_listák!$B$121,1,0) -> 0 | D35: =IF(C35=C34,D34,D34+1) -> 12 | K35: =IF(B35=Háttér_listák!$B$121,"",Beruházási_ktg_input!I35*Beruházási_ktg_input!J35) -> 0 | L35: =IF(B35=Háttér_listák!$B$121,SUMIF(Beruházási_ktg_input!D35:$D$107,Beruházási_ktg_input!D35+1,Beruházási_ktg_input!L35:$L$107),Beruházási_ktg_input!$K35) -> 0 | N35: 0 | O35: =IF(B35=Háttér_listák!$B$121,SUMIF(Beruházási_ktg_input!$D$107:D108,Beruházási_ktg_input!D35+1,$O$107:O108),L35+N35) -> 0 | P35: 0 | T35: =IF($B35=Háttér_listák!$B$121,SUMIF($D$107:D108,D35+1,$T$107:T108),IF(Q35=Háttér_listák!$B$125,Beruházási_ktg_input!L35,0)) -> 0 | U35: =IF($B35=Háttér_listák!$B$121,SUMIF($D$107:D108,D35+1,$U$107:U108),IF(AND(Q35=Háttér_listák!$B$125,Beruházási_ktg_input!S35=Háttér_listák!$B$130,Főoldal!$C$15="Igen"),Beruházási_ktg_input!N35,0)) -> 0 | V35: =SUM(T35:U35) -> 0 | W35: =IF($B35=Háttér_listák!$B$121,SUMIF($D$107:D108,D35+1,$W$107:W108),IF(AND(Q35=Háttér_listák!$B$125,Beruházási_ktg_input!S35=Háttér_listák!$B$130,Főoldal!$C$15="Nem"),Beruházási_ktg_input!N35,0)) -> 0 | X35: =IF($B35=Háttér_listák!$B$121,SUMIF($D$107:D108,D35+1,$X$107:X108),IF(AND(Q35=Háttér_listák!$B$125,Beruházási_ktg_input!S35=Háttér_listák!$B$129),Beruházási_ktg_input!N35,0)) -> 0 | Y35: =IF($B35=Háttér_listák!$B$121,SUMIF($D$107:D108,D35+1,$Y$107:Y108),IF(Q35=Háttér_listák!$B$126,Beruházási_ktg_input!L35,0)) -> 0 | Z35: =IF($B35=Háttér_listák!$B$121,SUMIF($D$107:D108,D35+1,$Z$107:Z108),IF(AND(Q35=Háttér_listák!$B$126,Beruházási_ktg_input!S35=Háttér_listák!$B$129),Beruházási_ktg_input!N35,0)) -> 0 | AA35: =IF($B35=Háttér_listák!$B$121,SUMIF($D$107:D108,D35+1,$AA$107:AA108),IF(AND(Q35=Háttér_listák!$B$126,Beruházási_ktg_input!S35=Háttér_listák!$B$130),Beruházási_ktg_input!N35,0)) -> 0 | AB35: =Y35+AA35 -> 0 | AC35: =V35+AB35 -> 0 | AD35: =SUM(W35:AA35) -> 0 | AE35: =V35+AD35 -> 0 | AK35: =IF(SUM(AF35:AJ35)=0,"",IF(SUM(AF35:AJ35)=1,Háttér_listák!$B$133,Háttér_listák!$B$134)) | AL35: =IF($AE35=0,0,IF($B35=Háttér_listák!$B$122,Beruházási_ktg_input!$V35*Beruházási_ktg_input!AF35,"")) -> 0 | AM35: =IF($AE35=0,0,IF($B35=Háttér_listák!$B$122,Beruházási_ktg_input!$V35*Beruházási_ktg_input!AG35,"")) -> 0 | AN35: =IF($AE35=0,0,IF($B35=Háttér_listák!$B$122,Beruházási_ktg_input!$V35*Beruházási_ktg_input!AH35,"")) -> 0 | AO35: =IF($AE35=0,0,IF($B35=Háttér_listák!$B$122,Beruházási_ktg_input!$V35*Beruházási_ktg_input!AI35,"")) -> 0 | AP35: =IF($AE35=0,0,IF($B35=Háttér_listák!$B$122,Beruházási_ktg_input!$V35*Beruházási_ktg_input!AJ35,"")) -> 0 | AQ35: =IF($AE35=0,0,IF($B35=Háttér_listák!$B$122,Beruházási_ktg_input!$AD35*Beruházási_ktg_input!AF35,"")) -> 0 | AR35: =IF($AE35=0,0,IF($B35=Háttér_listák!$B$122,Beruházási_ktg_input!$AD35*Beruházási_ktg_input!AG35,"")) -> 0 | AS35: =IF($AE35=0,0,IF($B35=Háttér_listák!$B$122,Beruházási_ktg_input!$AD35*Beruházási_ktg_input!AH35,"")) -> 0 | AT35: =IF($AE35=0,0,IF($B35=Háttér_listák!$B$122,Beruházási_ktg_input!$AD35*Beruházási_ktg_input!AI35,"")) -> 0 | AU35: =IF($AE35=0,0,IF($B35=Háttér_listák!$B$122,Beruházási_ktg_input!$AD35*Beruházási_ktg_input!AJ35,"")) -> 0 | AV35: =IF($AE35=0,0,IF($B35=Háttér_listák!$B$122,($T35+$Y35)*AF35,"")) -> 0 | AW35: =IF($AE35=0,0,IF($B35=Háttér_listák!$B$122,($T35+$Y35)*AG35,"")) -> 0 | AX35: =IF($AE35=0,0,IF($B35=Háttér_listák!$B$122,($T35+$Y35)*AH35,"")) -> 0 | AY35: =IF($AE35=0,0,IF($B35=Háttér_listák!$B$122,($T35+$Y35)*AI35,"")) -> 0 | AZ35: =IF($AE35=0,0,IF($B35=Háttér_listák!$B$122,($T35+$Y35)*AJ35,"")) -> 0
C36: =IF(B36=Háttér_listák!$B$121,1,0) -> 0 | D36: =IF(C36=C35,D35,D35+1) -> 12 | K36: =IF(B36=Háttér_listák!$B$121,"",Beruházási_ktg_input!I36*Beruházási_ktg_input!J36) -> 0 | L36: =IF(B36=Háttér_listák!$B$121,SUMIF(Beruházási_ktg_input!D36:$D$107,Beruházási_ktg_input!D36+1,Beruházási_ktg_input!L36:$L$107),Beruházási_ktg_input!$K36) -> 0 | N36: 0 | O36: =IF(B36=Háttér_listák!$B$121,SUMIF(Beruházási_ktg_input!$D$107:D109,Beruházási_ktg_input!D36+1,$O$107:O109),L36+N36) -> 0 | P36: 0 | T36: =IF($B36=Háttér_listák!$B$121,SUMIF($D$107:D109,D36+1,$T$107:T109),IF(Q36=Háttér_listák!$B$125,Beruházási_ktg_input!L36,0)) -> 0 | U36: =IF($B36=Háttér_listák!$B$121,SUMIF($D$107:D109,D36+1,$U$107:U109),IF(AND(Q36=Háttér_listák!$B$125,Beruházási_ktg_input!S36=Háttér_listák!$B$130,Főoldal!$C$15="Igen"),Beruházási_ktg_input!N36,0)) -> 0 | V36: =SUM(T36:U36) -> 0 | W36: =IF($B36=Háttér_listák!$B$121,SUMIF($D$107:D109,D36+1,$W$107:W109),IF(AND(Q36=Háttér_listák!$B$125,Beruházási_ktg_input!S36=Háttér_listák!$B$130,Főoldal!$C$15="Nem"),Beruházási_ktg_input!N36,0)) -> 0 | X36: =IF($B36=Háttér_listák!$B$121,SUMIF($D$107:D109,D36+1,$X$107:X109),IF(AND(Q36=Háttér_listák!$B$125,Beruházási_ktg_input!S36=Háttér_listák!$B$129),Beruházási_ktg_input!N36,0)) -> 0 | Y36: =IF($B36=Háttér_listák!$B$121,SUMIF($D$107:D109,D36+1,$Y$107:Y109),IF(Q36=Háttér_listák!$B$126,Beruházási_ktg_input!L36,0)) -> 0 | Z36: =IF($B36=Háttér_listák!$B$121,SUMIF($D$107:D109,D36+1,$Z$107:Z109),IF(AND(Q36=Háttér_listák!$B$126,Beruházási_ktg_input!S36=Háttér_listák!$B$129),Beruházási_ktg_input!N36,0)) -> 0 | AA36: =IF($B36=Háttér_listák!$B$121,SUMIF($D$107:D109,D36+1,$AA$107:AA109),IF(AND(Q36=Háttér_listák!$B$126,Beruházási_ktg_input!S36=Háttér_listák!$B$130),Beruházási_ktg_input!N36,0)) -> 0 | AB36: =Y36+AA36 -> 0 | AC36: =V36+AB36 -> 0 | AD36: =SUM(W36:AA36) -> 0 | AE36: =V36+AD36 -> 0 | AK36: =IF(SUM(AF36:AJ36)=0,"",IF(SUM(AF36:AJ36)=1,Háttér_listák!$B$133,Háttér_listák!$B$134)) | AL36: =IF($AE36=0,0,IF($B36=Háttér_listák!$B$122,Beruházási_ktg_input!$V36*Beruházási_ktg_input!AF36,"")) -> 0 | AM36: =IF($AE36=0,0,IF($B36=Háttér_listák!$B$122,Beruházási_ktg_input!$V36*Beruházási_ktg_input!AG36,"")) -> 0 | AN36: =IF($AE36=0,0,IF($B36=Háttér_listák!$B$122,Beruházási_ktg_input!$V36*Beruházási_ktg_input!AH36,"")) -> 0 | AO36: =IF($AE36=0,0,IF($B36=Háttér_listák!$B$122,Beruházási_ktg_input!$V36*Beruházási_ktg_input!AI36,"")) -> 0 | AP36: =IF($AE36=0,0,IF($B36=Háttér_listák!$B$122,Beruházási_ktg_input!$V36*Beruházási_ktg_input!AJ36,"")) -> 0 | AQ36: =IF($AE36=0,0,IF($B36=Háttér_listák!$B$122,Beruházási_ktg_input!$AD36*Beruházási_ktg_input!AF36,"")) -> 0 | AR36: =IF($AE36=0,0,IF($B36=Háttér_listák!$B$122,Beruházási_ktg_input!$AD36*Beruházási_ktg_input!AG36,"")) -> 0 | AS36: =IF($AE36=0,0,IF($B36=Háttér_listák!$B$122,Beruházási_ktg_input!$AD36*Beruházási_ktg_input!AH36,"")) -> 0 | AT36: =IF($AE36=0,0,IF($B36=Háttér_listák!$B$122,Beruházási_ktg_input!$AD36*Beruházási_ktg_input!AI36,"")) -> 0 | AU36: =IF($AE36=0,0,IF($B36=Háttér_listák!$B$122,Beruházási_ktg_input!$AD36*Beruházási_ktg_input!AJ36,"")) -> 0 | AV36: =IF($AE36=0,0,IF($B36=Háttér_listák!$B$122,($T36+$Y36)*AF36,"")) -> 0 | AW36: =IF($AE36=0,0,IF($B36=Háttér_listák!$B$122,($T36+$Y36)*AG36,"")) -> 0 | AX36: =IF($AE36=0,0,IF($B36=Háttér_listák!$B$122,($T36+$Y36)*AH36,"")) -> 0 | AY36: =IF($AE36=0,0,IF($B36=Háttér_listák!$B$122,($T36+$Y36)*AI36,"")) -> 0 | AZ36: =IF($AE36=0,0,IF($B36=Háttér_listák!$B$122,($T36+$Y36)*AJ36,"")) -> 0
C37: =IF(B37=Háttér_listák!$B$121,1,0) -> 0 | D37: =IF(C37=C36,D36,D36+1) -> 12 | K37: =IF(B37=Háttér_listák!$B$121,"",Beruházási_ktg_input!I37*Beruházási_ktg_input!J37) -> 0 | L37: =IF(B37=Háttér_listák!$B$121,SUMIF(Beruházási_ktg_input!D37:$D$107,Beruházási_ktg_input!D37+1,Beruházási_ktg_input!L37:$L$107),Beruházási_ktg_input!$K37) -> 0 | N37: 0 | O37: =IF(B37=Háttér_listák!$B$121,SUMIF(Beruházási_ktg_input!$D$107:D110,Beruházási_ktg_input!D37+1,$O$107:O110),L37+N37) -> 0 | P37: 0 | T37: =IF($B37=Háttér_listák!$B$121,SUMIF($D$107:D110,D37+1,$T$107:T110),IF(Q37=Háttér_listák!$B$125,Beruházási_ktg_input!L37,0)) -> 0 | U37: =IF($B37=Háttér_listák!$B$121,SUMIF($D$107:D110,D37+1,$U$107:U110),IF(AND(Q37=Háttér_listák!$B$125,Beruházási_ktg_input!S37=Háttér_listák!$B$130,Főoldal!$C$15="Igen"),Beruházási_ktg_input!N37,0)) -> 0 | V37: =SUM(T37:U37) -> 0 | W37: =IF($B37=Háttér_listák!$B$121,SUMIF($D$107:D110,D37+1,$W$107:W110),IF(AND(Q37=Háttér_listák!$B$125,Beruházási_ktg_input!S37=Háttér_listák!$B$130,Főoldal!$C$15="Nem"),Beruházási_ktg_input!N37,0)) -> 0 | X37: =IF($B37=Háttér_listák!$B$121,SUMIF($D$107:D110,D37+1,$X$107:X110),IF(AND(Q37=Háttér_listák!$B$125,Beruházási_ktg_input!S37=Háttér_listák!$B$129),Beruházási_ktg_input!N37,0)) -> 0 | Y37: =IF($B37=Háttér_listák!$B$121,SUMIF($D$107:D110,D37+1,$Y$107:Y110),IF(Q37=Háttér_listák!$B$126,Beruházási_ktg_input!L37,0)) -> 0 | Z37: =IF($B37=Háttér_listák!$B$121,SUMIF($D$107:D110,D37+1,$Z$107:Z110),IF(AND(Q37=Háttér_listák!$B$126,Beruházási_ktg_input!S37=Háttér_listák!$B$129),Beruházási_ktg_input!N37,0)) -> 0 | AA37: =IF($B37=Háttér_listák!$B$121,SUMIF($D$107:D110,D37+1,$AA$107:AA110),IF(AND(Q37=Háttér_listák!$B$126,Beruházási_ktg_input!S37=Háttér_listák!$B$130),Beruházási_ktg_input!N37,0)) -> 0 | AB37: =Y37+AA37 -> 0 | AC37: =V37+AB37 -> 0 | AD37: =SUM(W37:AA37) -> 0 | AE37: =V37+AD37 -> 0 | AK37: =IF(SUM(AF37:AJ37)=0,"",IF(SUM(AF37:AJ37)=1,Háttér_listák!$B$133,Háttér_listák!$B$134)) | AL37: =IF($AE37=0,0,IF($B37=Háttér_listák!$B$122,Beruházási_ktg_input!$V37*Beruházási_ktg_input!AF37,"")) -> 0 | AM37: =IF($AE37=0,0,IF($B37=Háttér_listák!$B$122,Beruházási_ktg_input!$V37*Beruházási_ktg_input!AG37,"")) -> 0 | AN37: =IF($AE37=0,0,IF($B37=Háttér_listák!$B$122,Beruházási_ktg_input!$V37*Beruházási_ktg_input!AH37,"")) -> 0 | AO37: =IF($AE37=0,0,IF($B37=Háttér_listák!$B$122,Beruházási_ktg_input!$V37*Beruházási_ktg_input!AI37,"")) -> 0 | AP37: =IF($AE37=0,0,IF($B37=Háttér_listák!$B$122,Beruházási_ktg_input!$V37*Beruházási_ktg_input!AJ37,"")) -> 0 | AQ37: =IF($AE37=0,0,IF($B37=Háttér_listák!$B$122,Beruházási_ktg_input!$AD37*Beruházási_ktg_input!AF37,"")) -> 0 | AR37: =IF($AE37=0,0,IF($B37=Háttér_listák!$B$122,Beruházási_ktg_input!$AD37*Beruházási_ktg_input!AG37,"")) -> 0 | AS37: =IF($AE37=0,0,IF($B37=Háttér_listák!$B$122,Beruházási_ktg_input!$AD37*Beruházási_ktg_input!AH37,"")) -> 0 | AT37: =IF($AE37=0,0,IF($B37=Háttér_listák!$B$122,Beruházási_ktg_input!$AD37*Beruházási_ktg_input!AI37,"")) -> 0 | AU37: =IF($AE37=0,0,IF($B37=Háttér_listák!$B$122,Beruházási_ktg_input!$AD37*Beruházási_ktg_input!AJ37,"")) -> 0 | AV37: =IF($AE37=0,0,IF($B37=Háttér_listák!$B$122,($T37+$Y37)*AF37,"")) -> 0 | AW37: =IF($AE37=0,0,IF($B37=Háttér_listák!$B$122,($T37+$Y37)*AG37,"")) -> 0 | AX37: =IF($AE37=0,0,IF($B37=Háttér_listák!$B$122,($T37+$Y37)*AH37,"")) -> 0 | AY37: =IF($AE37=0,0,IF($B37=Háttér_listák!$B$122,($T37+$Y37)*AI37,"")) -> 0 | AZ37: =IF($AE37=0,0,IF($B37=Háttér_listák!$B$122,($T37+$Y37)*AJ37,"")) -> 0
C38: =IF(B38=Háttér_listák!$B$121,1,0) -> 0 | D38: =IF(C38=C37,D37,D37+1) -> 12 | K38: =IF(B38=Háttér_listák!$B$121,"",Beruházási_ktg_input!I38*Beruházási_ktg_input!J38) -> 0 | L38: =IF(B38=Háttér_listák!$B$121,SUMIF(Beruházási_ktg_input!D38:$D$107,Beruházási_ktg_input!D38+1,Beruházási_ktg_input!L38:$L$107),Beruházási_ktg_input!$K38) -> 0 | N38: 0 | O38: =IF(B38=Háttér_listák!$B$121,SUMIF(Beruházási_ktg_input!$D$107:D111,Beruházási_ktg_input!D38+1,$O$107:O111),L38+N38) -> 0 | P38: 0 | T38: =IF($B38=Háttér_listák!$B$121,SUMIF($D$107:D111,D38+1,$T$107:T111),IF(Q38=Háttér_listák!$B$125,Beruházási_ktg_input!L38,0)) -> 0 | U38: =IF($B38=Háttér_listák!$B$121,SUMIF($D$107:D111,D38+1,$U$107:U111),IF(AND(Q38=Háttér_listák!$B$125,Beruházási_ktg_input!S38=Háttér_listák!$B$130,Főoldal!$C$15="Igen"),Beruházási_ktg_input!N38,0)) -> 0 | V38: =SUM(T38:U38) -> 0 | W38: =IF($B38=Háttér_listák!$B$121,SUMIF($D$107:D111,D38+1,$W$107:W111),IF(AND(Q38=Háttér_listák!$B$125,Beruházási_ktg_input!S38=Háttér_listák!$B$130,Főoldal!$C$15="Nem"),Beruházási_ktg_input!N38,0)) -> 0 | X38: =IF($B38=Háttér_listák!$B$121,SUMIF($D$107:D111,D38+1,$X$107:X111),IF(AND(Q38=Háttér_listák!$B$125,Beruházási_ktg_input!S38=Háttér_listák!$B$129),Beruházási_ktg_input!N38,0)) -> 0 | Y38: =IF($B38=Háttér_listák!$B$121,SUMIF($D$107:D111,D38+1,$Y$107:Y111),IF(Q38=Háttér_listák!$B$126,Beruházási_ktg_input!L38,0)) -> 0 | Z38: =IF($B38=Háttér_listák!$B$121,SUMIF($D$107:D111,D38+1,$Z$107:Z111),IF(AND(Q38=Háttér_listák!$B$126,Beruházási_ktg_input!S38=Háttér_listák!$B$129),Beruházási_ktg_input!N38,0)) -> 0 | AA38: =IF($B38=Háttér_listák!$B$121,SUMIF($D$107:D111,D38+1,$AA$107:AA111),IF(AND(Q38=Háttér_listák!$B$126,Beruházási_ktg_input!S38=Háttér_listák!$B$130),Beruházási_ktg_input!N38,0)) -> 0 | AB38: =Y38+AA38 -> 0 | AC38: =V38+AB38 -> 0 | AD38: =SUM(W38:AA38) -> 0 | AE38: =V38+AD38 -> 0 | AK38: =IF(SUM(AF38:AJ38)=0,"",IF(SUM(AF38:AJ38)=1,Háttér_listák!$B$133,Háttér_listák!$B$134)) | AL38: =IF($AE38=0,0,IF($B38=Háttér_listák!$B$122,Beruházási_ktg_input!$V38*Beruházási_ktg_input!AF38,"")) -> 0 | AM38: =IF($AE38=0,0,IF($B38=Háttér_listák!$B$122,Beruházási_ktg_input!$V38*Beruházási_ktg_input!AG38,"")) -> 0 | AN38: =IF($AE38=0,0,IF($B38=Háttér_listák!$B$122,Beruházási_ktg_input!$V38*Beruházási_ktg_input!AH38,"")) -> 0 | AO38: =IF($AE38=0,0,IF($B38=Háttér_listák!$B$122,Beruházási_ktg_input!$V38*Beruházási_ktg_input!AI38,"")) -> 0 | AP38: =IF($AE38=0,0,IF($B38=Háttér_listák!$B$122,Beruházási_ktg_input!$V38*Beruházási_ktg_input!AJ38,"")) -> 0 | AQ38: =IF($AE38=0,0,IF($B38=Háttér_listák!$B$122,Beruházási_ktg_input!$AD38*Beruházási_ktg_input!AF38,"")) -> 0 | AR38: =IF($AE38=0,0,IF($B38=Háttér_listák!$B$122,Beruházási_ktg_input!$AD38*Beruházási_ktg_input!AG38,"")) -> 0 | AS38: =IF($AE38=0,0,IF($B38=Háttér_listák!$B$122,Beruházási_ktg_input!$AD38*Beruházási_ktg_input!AH38,"")) -> 0 | AT38: =IF($AE38=0,0,IF($B38=Háttér_listák!$B$122,Beruházási_ktg_input!$AD38*Beruházási_ktg_input!AI38,"")) -> 0 | AU38: =IF($AE38=0,0,IF($B38=Háttér_listák!$B$122,Beruházási_ktg_input!$AD38*Beruházási_ktg_input!AJ38,"")) -> 0 | AV38: =IF($AE38=0,0,IF($B38=Háttér_listák!$B$122,($T38+$Y38)*AF38,"")) -> 0 | AW38: =IF($AE38=0,0,IF($B38=Háttér_listák!$B$122,($T38+$Y38)*AG38,"")) -> 0 | AX38: =IF($AE38=0,0,IF($B38=Háttér_listák!$B$122,($T38+$Y38)*AH38,"")) -> 0 | AY38: =IF($AE38=0,0,IF($B38=Háttér_listák!$B$122,($T38+$Y38)*AI38,"")) -> 0 | AZ38: =IF($AE38=0,0,IF($B38=Háttér_listák!$B$122,($T38+$Y38)*AJ38,"")) -> 0
C39: =IF(B39=Háttér_listák!$B$121,1,0) -> 0 | D39: =IF(C39=C38,D38,D38+1) -> 12 | K39: =IF(B39=Háttér_listák!$B$121,"",Beruházási_ktg_input!I39*Beruházási_ktg_input!J39) -> 0 | L39: =IF(B39=Háttér_listák!$B$121,SUMIF(Beruházási_ktg_input!D39:$D$107,Beruházási_ktg_input!D39+1,Beruházási_ktg_input!L39:$L$107),Beruházási_ktg_input!$K39) -> 0 | N39: 0 | O39: =IF(B39=Háttér_listák!$B$121,SUMIF(Beruházási_ktg_input!$D$107:D112,Beruházási_ktg_input!D39+1,$O$107:O112),L39+N39) -> 0 | P39: 0 | T39: =IF($B39=Háttér_listák!$B$121,SUMIF($D$107:D112,D39+1,$T$107:T112),IF(Q39=Háttér_listák!$B$125,Beruházási_ktg_input!L39,0)) -> 0 | U39: =IF($B39=Háttér_listák!$B$121,SUMIF($D$107:D112,D39+1,$U$107:U112),IF(AND(Q39=Háttér_listák!$B$125,Beruházási_ktg_input!S39=Háttér_listák!$B$130,Főoldal!$C$15="Igen"),Beruházási_ktg_input!N39,0)) -> 0 | V39: =SUM(T39:U39) -> 0 | W39: =IF($B39=Háttér_listák!$B$121,SUMIF($D$107:D112,D39+1,$W$107:W112),IF(AND(Q39=Háttér_listák!$B$125,Beruházási_ktg_input!S39=Háttér_listák!$B$130,Főoldal!$C$15="Nem"),Beruházási_ktg_input!N39,0)) -> 0 | X39: =IF($B39=Háttér_listák!$B$121,SUMIF($D$107:D112,D39+1,$X$107:X112),IF(AND(Q39=Háttér_listák!$B$125,Beruházási_ktg_input!S39=Háttér_listák!$B$129),Beruházási_ktg_input!N39,0)) -> 0 | Y39: =IF($B39=Háttér_listák!$B$121,SUMIF($D$107:D112,D39+1,$Y$107:Y112),IF(Q39=Háttér_listák!$B$126,Beruházási_ktg_input!L39,0)) -> 0 | Z39: =IF($B39=Háttér_listák!$B$121,SUMIF($D$107:D112,D39+1,$Z$107:Z112),IF(AND(Q39=Háttér_listák!$B$126,Beruházási_ktg_input!S39=Háttér_listák!$B$129),Beruházási_ktg_input!N39,0)) -> 0 | AA39: =IF($B39=Háttér_listák!$B$121,SUMIF($D$107:D112,D39+1,$AA$107:AA112),IF(AND(Q39=Háttér_listák!$B$126,Beruházási_ktg_input!S39=Háttér_listák!$B$130),Beruházási_ktg_input!N39,0)) -> 0 | AB39: =Y39+AA39 -> 0 | AC39: =V39+AB39 -> 0 | AD39: =SUM(W39:AA39) -> 0 | AE39: =V39+AD39 -> 0 | AK39: =IF(SUM(AF39:AJ39)=0,"",IF(SUM(AF39:AJ39)=1,Háttér_listák!$B$133,Háttér_listák!$B$134)) | AL39: =IF($AE39=0,0,IF($B39=Háttér_listák!$B$122,Beruházási_ktg_input!$V39*Beruházási_ktg_input!AF39,"")) -> 0 | AM39: =IF($AE39=0,0,IF($B39=Háttér_listák!$B$122,Beruházási_ktg_input!$V39*Beruházási_ktg_input!AG39,"")) -> 0 | AN39: =IF($AE39=0,0,IF($B39=Háttér_listák!$B$122,Beruházási_ktg_input!$V39*Beruházási_ktg_input!AH39,"")) -> 0 | AO39: =IF($AE39=0,0,IF($B39=Háttér_listák!$B$122,Beruházási_ktg_input!$V39*Beruházási_ktg_input!AI39,"")) -> 0 | AP39: =IF($AE39=0,0,IF($B39=Háttér_listák!$B$122,Beruházási_ktg_input!$V39*Beruházási_ktg_input!AJ39,"")) -> 0 | AQ39: =IF($AE39=0,0,IF($B39=Háttér_listák!$B$122,Beruházási_ktg_input!$AD39*Beruházási_ktg_input!AF39,"")) -> 0 | AR39: =IF($AE39=0,0,IF($B39=Háttér_listák!$B$122,Beruházási_ktg_input!$AD39*Beruházási_ktg_input!AG39,"")) -> 0 | AS39: =IF($AE39=0,0,IF($B39=Háttér_listák!$B$122,Beruházási_ktg_input!$AD39*Beruházási_ktg_input!AH39,"")) -> 0 | AT39: =IF($AE39=0,0,IF($B39=Háttér_listák!$B$122,Beruházási_ktg_input!$AD39*Beruházási_ktg_input!AI39,"")) -> 0 | AU39: =IF($AE39=0,0,IF($B39=Háttér_listák!$B$122,Beruházási_ktg_input!$AD39*Beruházási_ktg_input!AJ39,"")) -> 0 | AV39: =IF($AE39=0,0,IF($B39=Háttér_listák!$B$122,($T39+$Y39)*AF39,"")) -> 0 | AW39: =IF($AE39=0,0,IF($B39=Háttér_listák!$B$122,($T39+$Y39)*AG39,"")) -> 0 | AX39: =IF($AE39=0,0,IF($B39=Háttér_listák!$B$122,($T39+$Y39)*AH39,"")) -> 0 | AY39: =IF($AE39=0,0,IF($B39=Háttér_listák!$B$122,($T39+$Y39)*AI39,"")) -> 0 | AZ39: =IF($AE39=0,0,IF($B39=Háttér_listák!$B$122,($T39+$Y39)*AJ39,"")) -> 0
C40: =IF(B40=Háttér_listák!$B$121,1,0) -> 0 | D40: =IF(C40=C39,D39,D39+1) -> 12 | K40: =IF(B40=Háttér_listák!$B$121,"",Beruházási_ktg_input!I40*Beruházási_ktg_input!J40) -> 0 | L40: =IF(B40=Háttér_listák!$B$121,SUMIF(Beruházási_ktg_input!D40:$D$107,Beruházási_ktg_input!D40+1,Beruházási_ktg_input!L40:$L$107),Beruházási_ktg_input!$K40) -> 0 | N40: 0 | O40: =IF(B40=Háttér_listák!$B$121,SUMIF(Beruházási_ktg_input!$D$107:D113,Beruházási_ktg_input!D40+1,$O$107:O113),L40+N40) -> 0 | P40: 0 | T40: =IF($B40=Háttér_listák!$B$121,SUMIF($D$107:D113,D40+1,$T$107:T113),IF(Q40=Háttér_listák!$B$125,Beruházási_ktg_input!L40,0)) -> 0 | U40: =IF($B40=Háttér_listák!$B$121,SUMIF($D$107:D113,D40+1,$U$107:U113),IF(AND(Q40=Háttér_listák!$B$125,Beruházási_ktg_input!S40=Háttér_listák!$B$130,Főoldal!$C$15="Igen"),Beruházási_ktg_input!N40,0)) -> 0 | V40: =SUM(T40:U40) -> 0 | W40: =IF($B40=Háttér_listák!$B$121,SUMIF($D$107:D113,D40+1,$W$107:W113),IF(AND(Q40=Háttér_listák!$B$125,Beruházási_ktg_input!S40=Háttér_listák!$B$130,Főoldal!$C$15="Nem"),Beruházási_ktg_input!N40,0)) -> 0 | X40: =IF($B40=Háttér_listák!$B$121,SUMIF($D$107:D113,D40+1,$X$107:X113),IF(AND(Q40=Háttér_listák!$B$125,Beruházási_ktg_input!S40=Háttér_listák!$B$129),Beruházási_ktg_input!N40,0)) -> 0 | Y40: =IF($B40=Háttér_listák!$B$121,SUMIF($D$107:D113,D40+1,$Y$107:Y113),IF(Q40=Háttér_listák!$B$126,Beruházási_ktg_input!L40,0)) -> 0 | Z40: =IF($B40=Háttér_listák!$B$121,SUMIF($D$107:D113,D40+1,$Z$107:Z113),IF(AND(Q40=Háttér_listák!$B$126,Beruházási_ktg_input!S40=Háttér_listák!$B$129),Beruházási_ktg_input!N40,0)) -> 0 | AA40: =IF($B40=Háttér_listák!$B$121,SUMIF($D$107:D113,D40+1,$AA$107:AA113),IF(AND(Q40=Háttér_listák!$B$126,Beruházási_ktg_input!S40=Háttér_listák!$B$130),Beruházási_ktg_input!N40,0)) -> 0 | AB40: =Y40+AA40 -> 0 | AC40: =V40+AB40 -> 0 | AD40: =SUM(W40:AA40) -> 0 | AE40: =V40+AD40 -> 0 | AK40: =IF(SUM(AF40:AJ40)=0,"",IF(SUM(AF40:AJ40)=1,Háttér_listák!$B$133,Háttér_listák!$B$134)) | AL40: =IF($AE40=0,0,IF($B40=Háttér_listák!$B$122,Beruházási_ktg_input!$V40*Beruházási_ktg_input!AF40,"")) -> 0 | AM40: =IF($AE40=0,0,IF($B40=Háttér_listák!$B$122,Beruházási_ktg_input!$V40*Beruházási_ktg_input!AG40,"")) -> 0 | AN40: =IF($AE40=0,0,IF($B40=Háttér_listák!$B$122,Beruházási_ktg_input!$V40*Beruházási_ktg_input!AH40,"")) -> 0 | AO40: =IF($AE40=0,0,IF($B40=Háttér_listák!$B$122,Beruházási_ktg_input!$V40*Beruházási_ktg_input!AI40,"")) -> 0 | AP40: =IF($AE40=0,0,IF($B40=Háttér_listák!$B$122,Beruházási_ktg_input!$V40*Beruházási_ktg_input!AJ40,"")) -> 0 | AQ40: =IF($AE40=0,0,IF($B40=Háttér_listák!$B$122,Beruházási_ktg_input!$AD40*Beruházási_ktg_input!AF40,"")) -> 0 | AR40: =IF($AE40=0,0,IF($B40=Háttér_listák!$B$122,Beruházási_ktg_input!$AD40*Beruházási_ktg_input!AG40,"")) -> 0 | AS40: =IF($AE40=0,0,IF($B40=Háttér_listák!$B$122,Beruházási_ktg_input!$AD40*Beruházási_ktg_input!AH40,"")) -> 0 | AT40: =IF($AE40=0,0,IF($B40=Háttér_listák!$B$122,Beruházási_ktg_input!$AD40*Beruházási_ktg_input!AI40,"")) -> 0 | AU40: =IF($AE40=0,0,IF($B40=Háttér_listák!$B$122,Beruházási_ktg_input!$AD40*Beruházási_ktg_input!AJ40,"")) -> 0 | AV40: =IF($AE40=0,0,IF($B40=Háttér_listák!$B$122,($T40+$Y40)*AF40,"")) -> 0 | AW40: =IF($AE40=0,0,IF($B40=Háttér_listák!$B$122,($T40+$Y40)*AG40,"")) -> 0 | AX40: =IF($AE40=0,0,IF($B40=Háttér_listák!$B$122,($T40+$Y40)*AH40,"")) -> 0 | AY40: =IF($AE40=0,0,IF($B40=Háttér_listák!$B$122,($T40+$Y40)*AI40,"")) -> 0 | AZ40: =IF($AE40=0,0,IF($B40=Háttér_listák!$B$122,($T40+$Y40)*AJ40,"")) -> 0
C41: =IF(B41=Háttér_listák!$B$121,1,0) -> 0 | D41: =IF(C41=C40,D40,D40+1) -> 12 | K41: =IF(B41=Háttér_listák!$B$121,"",Beruházási_ktg_input!I41*Beruházási_ktg_input!J41) -> 0 | L41: =IF(B41=Háttér_listák!$B$121,SUMIF(Beruházási_ktg_input!D41:$D$107,Beruházási_ktg_input!D41+1,Beruházási_ktg_input!L41:$L$107),Beruházási_ktg_input!$K41) -> 0 | N41: 0 | O41: =IF(B41=Háttér_listák!$B$121,SUMIF(Beruházási_ktg_input!$D$107:D114,Beruházási_ktg_input!D41+1,$O$107:O114),L41+N41) -> 0 | P41: 0 | T41: =IF($B41=Háttér_listák!$B$121,SUMIF($D$107:D114,D41+1,$T$107:T114),IF(Q41=Háttér_listák!$B$125,Beruházási_ktg_input!L41,0)) -> 0 | U41: =IF($B41=Háttér_listák!$B$121,SUMIF($D$107:D114,D41+1,$U$107:U114),IF(AND(Q41=Háttér_listák!$B$125,Beruházási_ktg_input!S41=Háttér_listák!$B$130,Főoldal!$C$15="Igen"),Beruházási_ktg_input!N41,0)) -> 0 | V41: =SUM(T41:U41) -> 0 | W41: =IF($B41=Háttér_listák!$B$121,SUMIF($D$107:D114,D41+1,$W$107:W114),IF(AND(Q41=Háttér_listák!$B$125,Beruházási_ktg_input!S41=Háttér_listák!$B$130,Főoldal!$C$15="Nem"),Beruházási_ktg_input!N41,0)) -> 0 | X41: =IF($B41=Háttér_listák!$B$121,SUMIF($D$107:D114,D41+1,$X$107:X114),IF(AND(Q41=Háttér_listák!$B$125,Beruházási_ktg_input!S41=Háttér_listák!$B$129),Beruházási_ktg_input!N41,0)) -> 0 | Y41: =IF($B41=Háttér_listák!$B$121,SUMIF($D$107:D114,D41+1,$Y$107:Y114),IF(Q41=Háttér_listák!$B$126,Beruházási_ktg_input!L41,0)) -> 0 | Z41: =IF($B41=Háttér_listák!$B$121,SUMIF($D$107:D114,D41+1,$Z$107:Z114),IF(AND(Q41=Háttér_listák!$B$126,Beruházási_ktg_input!S41=Háttér_listák!$B$129),Beruházási_ktg_input!N41,0)) -> 0 | AA41: =IF($B41=Háttér_listák!$B$121,SUMIF($D$107:D114,D41+1,$AA$107:AA114),IF(AND(Q41=Háttér_listák!$B$126,Beruházási_ktg_input!S41=Háttér_listák!$B$130),Beruházási_ktg_input!N41,0)) -> 0 | AB41: =Y41+AA41 -> 0 | AC41: =V41+AB41 -> 0 | AD41: =SUM(W41:AA41) -> 0 | AE41: =V41+AD41 -> 0 | AK41: =IF(SUM(AF41:AJ41)=0,"",IF(SUM(AF41:AJ41)=1,Háttér_listák!$B$133,Háttér_listák!$B$134)) | AL41: =IF($AE41=0,0,IF($B41=Háttér_listák!$B$122,Beruházási_ktg_input!$V41*Beruházási_ktg_input!AF41,"")) -> 0 | AM41: =IF($AE41=0,0,IF($B41=Háttér_listák!$B$122,Beruházási_ktg_input!$V41*Beruházási_ktg_input!AG41,"")) -> 0 | AN41: =IF($AE41=0,0,IF($B41=Háttér_listák!$B$122,Beruházási_ktg_input!$V41*Beruházási_ktg_input!AH41,"")) -> 0 | AO41: =IF($AE41=0,0,IF($B41=Háttér_listák!$B$122,Beruházási_ktg_input!$V41*Beruházási_ktg_input!AI41,"")) -> 0 | AP41: =IF($AE41=0,0,IF($B41=Háttér_listák!$B$122,Beruházási_ktg_input!$V41*Beruházási_ktg_input!AJ41,"")) -> 0 | AQ41: =IF($AE41=0,0,IF($B41=Háttér_listák!$B$122,Beruházási_ktg_input!$AD41*Beruházási_ktg_input!AF41,"")) -> 0 | AR41: =IF($AE41=0,0,IF($B41=Háttér_listák!$B$122,Beruházási_ktg_input!$AD41*Beruházási_ktg_input!AG41,"")) -> 0 | AS41: =IF($AE41=0,0,IF($B41=Háttér_listák!$B$122,Beruházási_ktg_input!$AD41*Beruházási_ktg_input!AH41,"")) -> 0 | AT41: =IF($AE41=0,0,IF($B41=Háttér_listák!$B$122,Beruházási_ktg_input!$AD41*Beruházási_ktg_input!AI41,"")) -> 0 | AU41: =IF($AE41=0,0,IF($B41=Háttér_listák!$B$122,Beruházási_ktg_input!$AD41*Beruházási_ktg_input!AJ41,"")) -> 0 | AV41: =IF($AE41=0,0,IF($B41=Háttér_listák!$B$122,($T41+$Y41)*AF41,"")) -> 0 | AW41: =IF($AE41=0,0,IF($B41=Háttér_listák!$B$122,($T41+$Y41)*AG41,"")) -> 0 | AX41: =IF($AE41=0,0,IF($B41=Háttér_listák!$B$122,($T41+$Y41)*AH41,"")) -> 0 | AY41: =IF($AE41=0,0,IF($B41=Háttér_listák!$B$122,($T41+$Y41)*AI41,"")) -> 0 | AZ41: =IF($AE41=0,0,IF($B41=Háttér_listák!$B$122,($T41+$Y41)*AJ41,"")) -> 0
C42: =IF(B42=Háttér_listák!$B$121,1,0) -> 0 | D42: =IF(C42=C41,D41,D41+1) -> 12 | K42: =IF(B42=Háttér_listák!$B$121,"",Beruházási_ktg_input!I42*Beruházási_ktg_input!J42) -> 0 | L42: =IF(B42=Háttér_listák!$B$121,SUMIF(Beruházási_ktg_input!D42:$D$107,Beruházási_ktg_input!D42+1,Beruházási_ktg_input!L42:$L$107),Beruházási_ktg_input!$K42) -> 0 | N42: 0 | O42: =IF(B42=Háttér_listák!$B$121,SUMIF(Beruházási_ktg_input!$D$107:D115,Beruházási_ktg_input!D42+1,$O$107:O115),L42+N42) -> 0 | P42: 0 | T42: =IF($B42=Háttér_listák!$B$121,SUMIF($D$107:D115,D42+1,$T$107:T115),IF(Q42=Háttér_listák!$B$125,Beruházási_ktg_input!L42,0)) -> 0 | U42: =IF($B42=Háttér_listák!$B$121,SUMIF($D$107:D115,D42+1,$U$107:U115),IF(AND(Q42=Háttér_listák!$B$125,Beruházási_ktg_input!S42=Háttér_listák!$B$130,Főoldal!$C$15="Igen"),Beruházási_ktg_input!N42,0)) -> 0 | V42: =SUM(T42:U42) -> 0 | W42: =IF($B42=Háttér_listák!$B$121,SUMIF($D$107:D115,D42+1,$W$107:W115),IF(AND(Q42=Háttér_listák!$B$125,Beruházási_ktg_input!S42=Háttér_listák!$B$130,Főoldal!$C$15="Nem"),Beruházási_ktg_input!N42,0)) -> 0 | X42: =IF($B42=Háttér_listák!$B$121,SUMIF($D$107:D115,D42+1,$X$107:X115),IF(AND(Q42=Háttér_listák!$B$125,Beruházási_ktg_input!S42=Háttér_listák!$B$129),Beruházási_ktg_input!N42,0)) -> 0 | Y42: =IF($B42=Háttér_listák!$B$121,SUMIF($D$107:D115,D42+1,$Y$107:Y115),IF(Q42=Háttér_listák!$B$126,Beruházási_ktg_input!L42,0)) -> 0 | Z42: =IF($B42=Háttér_listák!$B$121,SUMIF($D$107:D115,D42+1,$Z$107:Z115),IF(AND(Q42=Háttér_listák!$B$126,Beruházási_ktg_input!S42=Háttér_listák!$B$129),Beruházási_ktg_input!N42,0)) -> 0 | AA42: =IF($B42=Háttér_listák!$B$121,SUMIF($D$107:D115,D42+1,$AA$107:AA115),IF(AND(Q42=Háttér_listák!$B$126,Beruházási_ktg_input!S42=Háttér_listák!$B$130),Beruházási_ktg_input!N42,0)) -> 0 | AB42: =Y42+AA42 -> 0 | AC42: =V42+AB42 -> 0 | AD42: =SUM(W42:AA42) -> 0 | AE42: =V42+AD42 -> 0 | AK42: =IF(SUM(AF42:AJ42)=0,"",IF(SUM(AF42:AJ42)=1,Háttér_listák!$B$133,Háttér_listák!$B$134)) | AL42: =IF($AE42=0,0,IF($B42=Háttér_listák!$B$122,Beruházási_ktg_input!$V42*Beruházási_ktg_input!AF42,"")) -> 0 | AM42: =IF($AE42=0,0,IF($B42=Háttér_listák!$B$122,Beruházási_ktg_input!$V42*Beruházási_ktg_input!AG42,"")) -> 0 | AN42: =IF($AE42=0,0,IF($B42=Háttér_listák!$B$122,Beruházási_ktg_input!$V42*Beruházási_ktg_input!AH42,"")) -> 0 | AO42: =IF($AE42=0,0,IF($B42=Háttér_listák!$B$122,Beruházási_ktg_input!$V42*Beruházási_ktg_input!AI42,"")) -> 0 | AP42: =IF($AE42=0,0,IF($B42=Háttér_listák!$B$122,Beruházási_ktg_input!$V42*Beruházási_ktg_input!AJ42,"")) -> 0 | AQ42: =IF($AE42=0,0,IF($B42=Háttér_listák!$B$122,Beruházási_ktg_input!$AD42*Beruházási_ktg_input!AF42,"")) -> 0 | AR42: =IF($AE42=0,0,IF($B42=Háttér_listák!$B$122,Beruházási_ktg_input!$AD42*Beruházási_ktg_input!AG42,"")) -> 0 | AS42: =IF($AE42=0,0,IF($B42=Háttér_listák!$B$122,Beruházási_ktg_input!$AD42*Beruházási_ktg_input!AH42,"")) -> 0 | AT42: =IF($AE42=0,0,IF($B42=Háttér_listák!$B$122,Beruházási_ktg_input!$AD42*Beruházási_ktg_input!AI42,"")) -> 0 | AU42: =IF($AE42=0,0,IF($B42=Háttér_listák!$B$122,Beruházási_ktg_input!$AD42*Beruházási_ktg_input!AJ42,"")) -> 0 | AV42: =IF($AE42=0,0,IF($B42=Háttér_listák!$B$122,($T42+$Y42)*AF42,"")) -> 0 | AW42: =IF($AE42=0,0,IF($B42=Háttér_listák!$B$122,($T42+$Y42)*AG42,"")) -> 0 | AX42: =IF($AE42=0,0,IF($B42=Háttér_listák!$B$122,($T42+$Y42)*AH42,"")) -> 0 | AY42: =IF($AE42=0,0,IF($B42=Háttér_listák!$B$122,($T42+$Y42)*AI42,"")) -> 0 | AZ42: =IF($AE42=0,0,IF($B42=Háttér_listák!$B$122,($T42+$Y42)*AJ42,"")) -> 0
C43: =IF(B43=Háttér_listák!$B$121,1,0) -> 0 | D43: =IF(C43=C42,D42,D42+1) -> 12 | K43: =IF(B43=Háttér_listák!$B$121,"",Beruházási_ktg_input!I43*Beruházási_ktg_input!J43) -> 0 | L43: =IF(B43=Háttér_listák!$B$121,SUMIF(Beruházási_ktg_input!D43:$D$107,Beruházási_ktg_input!D43+1,Beruházási_ktg_input!L43:$L$107),Beruházási_ktg_input!$K43) -> 0 | N43: 0 | O43: =IF(B43=Háttér_listák!$B$121,SUMIF(Beruházási_ktg_input!$D$107:D108,Beruházási_ktg_input!D43+1,$O$107:O108),L43+N43) -> 0 | P43: 0 | T43: =IF($B43=Háttér_listák!$B$121,SUMIF($D$107:D108,D43+1,$T$107:T108),IF(Q43=Háttér_listák!$B$125,Beruházási_ktg_input!L43,0)) -> 0 | U43: =IF($B43=Háttér_listák!$B$121,SUMIF($D$107:D108,D43+1,$U$107:U108),IF(AND(Q43=Háttér_listák!$B$125,Beruházási_ktg_input!S43=Háttér_listák!$B$130,Főoldal!$C$15="Igen"),Beruházási_ktg_input!N43,0)) -> 0 | V43: =SUM(T43:U43) -> 0 | W43: =IF($B43=Háttér_listák!$B$121,SUMIF($D$107:D108,D43+1,$W$107:W108),IF(AND(Q43=Háttér_listák!$B$125,Beruházási_ktg_input!S43=Háttér_listák!$B$130,Főoldal!$C$15="Nem"),Beruházási_ktg_input!N43,0)) -> 0 | X43: =IF($B43=Háttér_listák!$B$121,SUMIF($D$107:D108,D43+1,$X$107:X108),IF(AND(Q43=Háttér_listák!$B$125,Beruházási_ktg_input!S43=Háttér_listák!$B$129),Beruházási_ktg_input!N43,0)) -> 0 | Y43: =IF($B43=Háttér_listák!$B$121,SUMIF($D$107:D108,D43+1,$Y$107:Y108),IF(Q43=Háttér_listák!$B$126,Beruházási_ktg_input!L43,0)) -> 0 | Z43: =IF($B43=Háttér_listák!$B$121,SUMIF($D$107:D108,D43+1,$Z$107:Z108),IF(AND(Q43=Háttér_listák!$B$126,Beruházási_ktg_input!S43=Háttér_listák!$B$129),Beruházási_ktg_input!N43,0)) -> 0 | AA43: =IF($B43=Háttér_listák!$B$121,SUMIF($D$107:D108,D43+1,$AA$107:AA108),IF(AND(Q43=Háttér_listák!$B$126,Beruházási_ktg_input!S43=Háttér_listák!$B$130),Beruházási_ktg_input!N43,0)) -> 0 | AB43: =Y43+AA43 -> 0 | AC43: =V43+AB43 -> 0 | AD43: =SUM(W43:AA43) -> 0 | AE43: =V43+AD43 -> 0 | AK43: =IF(SUM(AF43:AJ43)=0,"",IF(SUM(AF43:AJ43)=1,Háttér_listák!$B$133,Háttér_listák!$B$134)) | AL43: =IF($AE43=0,0,IF($B43=Háttér_listák!$B$122,Beruházási_ktg_input!$V43*Beruházási_ktg_input!AF43,"")) -> 0 | AM43: =IF($AE43=0,0,IF($B43=Háttér_listák!$B$122,Beruházási_ktg_input!$V43*Beruházási_ktg_input!AG43,"")) -> 0 | AN43: =IF($AE43=0,0,IF($B43=Háttér_listák!$B$122,Beruházási_ktg_input!$V43*Beruházási_ktg_input!AH43,"")) -> 0 | AO43: =IF($AE43=0,0,IF($B43=Háttér_listák!$B$122,Beruházási_ktg_input!$V43*Beruházási_ktg_input!AI43,"")) -> 0 | AP43: =IF($AE43=0,0,IF($B43=Háttér_listák!$B$122,Beruházási_ktg_input!$V43*Beruházási_ktg_input!AJ43,"")) -> 0 | AQ43: =IF($AE43=0,0,IF($B43=Háttér_listák!$B$122,Beruházási_ktg_input!$AD43*Beruházási_ktg_input!AF43,"")) -> 0 | AR43: =IF($AE43=0,0,IF($B43=Háttér_listák!$B$122,Beruházási_ktg_input!$AD43*Beruházási_ktg_input!AG43,"")) -> 0 | AS43: =IF($AE43=0,0,IF($B43=Háttér_listák!$B$122,Beruházási_ktg_input!$AD43*Beruházási_ktg_input!AH43,"")) -> 0 | AT43: =IF($AE43=0,0,IF($B43=Háttér_listák!$B$122,Beruházási_ktg_input!$AD43*Beruházási_ktg_input!AI43,"")) -> 0 | AU43: =IF($AE43=0,0,IF($B43=Háttér_listák!$B$122,Beruházási_ktg_input!$AD43*Beruházási_ktg_input!AJ43,"")) -> 0 | AV43: =IF($AE43=0,0,IF($B43=Háttér_listák!$B$122,($T43+$Y43)*AF43,"")) -> 0 | AW43: =IF($AE43=0,0,IF($B43=Háttér_listák!$B$122,($T43+$Y43)*AG43,"")) -> 0 | AX43: =IF($AE43=0,0,IF($B43=Háttér_listák!$B$122,($T43+$Y43)*AH43,"")) -> 0 | AY43: =IF($AE43=0,0,IF($B43=Háttér_listák!$B$122,($T43+$Y43)*AI43,"")) -> 0 | AZ43: =IF($AE43=0,0,IF($B43=Háttér_listák!$B$122,($T43+$Y43)*AJ43,"")) -> 0
C44: =IF(B44=Háttér_listák!$B$121,1,0) -> 0 | D44: =IF(C44=C43,D43,D43+1) -> 12 | K44: =IF(B44=Háttér_listák!$B$121,"",Beruházási_ktg_input!I44*Beruházási_ktg_input!J44) -> 0 | L44: =IF(B44=Háttér_listák!$B$121,SUMIF(Beruházási_ktg_input!D44:$D$107,Beruházási_ktg_input!D44+1,Beruházási_ktg_input!L44:$L$107),Beruházási_ktg_input!$K44) -> 0 | N44: 0 | O44: =IF(B44=Háttér_listák!$B$121,SUMIF(Beruházási_ktg_input!$D$107:D109,Beruházási_ktg_input!D44+1,$O$107:O109),L44+N44) -> 0 | P44: 0 | T44: =IF($B44=Háttér_listák!$B$121,SUMIF($D$107:D109,D44+1,$T$107:T109),IF(Q44=Háttér_listák!$B$125,Beruházási_ktg_input!L44,0)) -> 0 | U44: =IF($B44=Háttér_listák!$B$121,SUMIF($D$107:D109,D44+1,$U$107:U109),IF(AND(Q44=Háttér_listák!$B$125,Beruházási_ktg_input!S44=Háttér_listák!$B$130,Főoldal!$C$15="Igen"),Beruházási_ktg_input!N44,0)) -> 0 | V44: =SUM(T44:U44) -> 0 | W44: =IF($B44=Háttér_listák!$B$121,SUMIF($D$107:D109,D44+1,$W$107:W109),IF(AND(Q44=Háttér_listák!$B$125,Beruházási_ktg_input!S44=Háttér_listák!$B$130,Főoldal!$C$15="Nem"),Beruházási_ktg_input!N44,0)) -> 0 | X44: =IF($B44=Háttér_listák!$B$121,SUMIF($D$107:D109,D44+1,$X$107:X109),IF(AND(Q44=Háttér_listák!$B$125,Beruházási_ktg_input!S44=Háttér_listák!$B$129),Beruházási_ktg_input!N44,0)) -> 0 | Y44: =IF($B44=Háttér_listák!$B$121,SUMIF($D$107:D109,D44+1,$Y$107:Y109),IF(Q44=Háttér_listák!$B$126,Beruházási_ktg_input!L44,0)) -> 0 | Z44: =IF($B44=Háttér_listák!$B$121,SUMIF($D$107:D109,D44+1,$Z$107:Z109),IF(AND(Q44=Háttér_listák!$B$126,Beruházási_ktg_input!S44=Háttér_listák!$B$129),Beruházási_ktg_input!N44,0)) -> 0 | AA44: =IF($B44=Háttér_listák!$B$121,SUMIF($D$107:D109,D44+1,$AA$107:AA109),IF(AND(Q44=Háttér_listák!$B$126,Beruházási_ktg_input!S44=Háttér_listák!$B$130),Beruházási_ktg_input!N44,0)) -> 0 | AB44: =Y44+AA44 -> 0 | AC44: =V44+AB44 -> 0 | AD44: =SUM(W44:AA44) -> 0 | AE44: =V44+AD44 -> 0 | AK44: =IF(SUM(AF44:AJ44)=0,"",IF(SUM(AF44:AJ44)=1,Háttér_listák!$B$133,Háttér_listák!$B$134)) | AL44: =IF($AE44=0,0,IF($B44=Háttér_listák!$B$122,Beruházási_ktg_input!$V44*Beruházási_ktg_input!AF44,"")) -> 0 | AM44: =IF($AE44=0,0,IF($B44=Háttér_listák!$B$122,Beruházási_ktg_input!$V44*Beruházási_ktg_input!AG44,"")) -> 0 | AN44: =IF($AE44=0,0,IF($B44=Háttér_listák!$B$122,Beruházási_ktg_input!$V44*Beruházási_ktg_input!AH44,"")) -> 0 | AO44: =IF($AE44=0,0,IF($B44=Háttér_listák!$B$122,Beruházási_ktg_input!$V44*Beruházási_ktg_input!AI44,"")) -> 0 | AP44: =IF($AE44=0,0,IF($B44=Háttér_listák!$B$122,Beruházási_ktg_input!$V44*Beruházási_ktg_input!AJ44,"")) -> 0 | AQ44: =IF($AE44=0,0,IF($B44=Háttér_listák!$B$122,Beruházási_ktg_input!$AD44*Beruházási_ktg_input!AF44,"")) -> 0 | AR44: =IF($AE44=0,0,IF($B44=Háttér_listák!$B$122,Beruházási_ktg_input!$AD44*Beruházási_ktg_input!AG44,"")) -> 0 | AS44: =IF($AE44=0,0,IF($B44=Háttér_listák!$B$122,Beruházási_ktg_input!$AD44*Beruházási_ktg_input!AH44,"")) -> 0 | AT44: =IF($AE44=0,0,IF($B44=Háttér_listák!$B$122,Beruházási_ktg_input!$AD44*Beruházási_ktg_input!AI44,"")) -> 0 | AU44: =IF($AE44=0,0,IF($B44=Háttér_listák!$B$122,Beruházási_ktg_input!$AD44*Beruházási_ktg_input!AJ44,"")) -> 0 | AV44: =IF($AE44=0,0,IF($B44=Háttér_listák!$B$122,($T44+$Y44)*AF44,"")) -> 0 | AW44: =IF($AE44=0,0,IF($B44=Háttér_listák!$B$122,($T44+$Y44)*AG44,"")) -> 0 | AX44: =IF($AE44=0,0,IF($B44=Háttér_listák!$B$122,($T44+$Y44)*AH44,"")) -> 0 | AY44: =IF($AE44=0,0,IF($B44=Háttér_listák!$B$122,($T44+$Y44)*AI44,"")) -> 0 | AZ44: =IF($AE44=0,0,IF($B44=Háttér_listák!$B$122,($T44+$Y44)*AJ44,"")) -> 0
C45: =IF(B45=Háttér_listák!$B$121,1,0) -> 0 | D45: =IF(C45=C44,D44,D44+1) -> 12 | K45: =IF(B45=Háttér_listák!$B$121,"",Beruházási_ktg_input!I45*Beruházási_ktg_input!J45) -> 0 | L45: =IF(B45=Háttér_listák!$B$121,SUMIF(Beruházási_ktg_input!D45:$D$107,Beruházási_ktg_input!D45+1,Beruházási_ktg_input!L45:$L$107),Beruházási_ktg_input!$K45) -> 0 | N45: 0 | O45: =IF(B45=Háttér_listák!$B$121,SUMIF(Beruházási_ktg_input!$D$107:D110,Beruházási_ktg_input!D45+1,$O$107:O110),L45+N45) -> 0 | P45: 0 | T45: =IF($B45=Háttér_listák!$B$121,SUMIF($D$107:D110,D45+1,$T$107:T110),IF(Q45=Háttér_listák!$B$125,Beruházási_ktg_input!L45,0)) -> 0 | U45: =IF($B45=Háttér_listák!$B$121,SUMIF($D$107:D110,D45+1,$U$107:U110),IF(AND(Q45=Háttér_listák!$B$125,Beruházási_ktg_input!S45=Háttér_listák!$B$130,Főoldal!$C$15="Igen"),Beruházási_ktg_input!N45,0)) -> 0 | V45: =SUM(T45:U45) -> 0 | W45: =IF($B45=Háttér_listák!$B$121,SUMIF($D$107:D110,D45+1,$W$107:W110),IF(AND(Q45=Háttér_listák!$B$125,Beruházási_ktg_input!S45=Háttér_listák!$B$130,Főoldal!$C$15="Nem"),Beruházási_ktg_input!N45,0)) -> 0 | X45: =IF($B45=Háttér_listák!$B$121,SUMIF($D$107:D110,D45+1,$X$107:X110),IF(AND(Q45=Háttér_listák!$B$125,Beruházási_ktg_input!S45=Háttér_listák!$B$129),Beruházási_ktg_input!N45,0)) -> 0 | Y45: =IF($B45=Háttér_listák!$B$121,SUMIF($D$107:D110,D45+1,$Y$107:Y110),IF(Q45=Háttér_listák!$B$126,Beruházási_ktg_input!L45,0)) -> 0 | Z45: =IF($B45=Háttér_listák!$B$121,SUMIF($D$107:D110,D45+1,$Z$107:Z110),IF(AND(Q45=Háttér_listák!$B$126,Beruházási_ktg_input!S45=Háttér_listák!$B$129),Beruházási_ktg_input!N45,0)) -> 0 | AA45: =IF($B45=Háttér_listák!$B$121,SUMIF($D$107:D110,D45+1,$AA$107:AA110),IF(AND(Q45=Háttér_listák!$B$126,Beruházási_ktg_input!S45=Háttér_listák!$B$130),Beruházási_ktg_input!N45,0)) -> 0 | AB45: =Y45+AA45 -> 0 | AC45: =V45+AB45 -> 0 | AD45: =SUM(W45:AA45) -> 0 | AE45: =V45+AD45 -> 0 | AK45: =IF(SUM(AF45:AJ45)=0,"",IF(SUM(AF45:AJ45)=1,Háttér_listák!$B$133,Háttér_listák!$B$134)) | AL45: =IF($AE45=0,0,IF($B45=Háttér_listák!$B$122,Beruházási_ktg_input!$V45*Beruházási_ktg_input!AF45,"")) -> 0 | AM45: =IF($AE45=0,0,IF($B45=Háttér_listák!$B$122,Beruházási_ktg_input!$V45*Beruházási_ktg_input!AG45,"")) -> 0 | AN45: =IF($AE45=0,0,IF($B45=Háttér_listák!$B$122,Beruházási_ktg_input!$V45*Beruházási_ktg_input!AH45,"")) -> 0 | AO45: =IF($AE45=0,0,IF($B45=Háttér_listák!$B$122,Beruházási_ktg_input!$V45*Beruházási_ktg_input!AI45,"")) -> 0 | AP45: =IF($AE45=0,0,IF($B45=Háttér_listák!$B$122,Beruházási_ktg_input!$V45*Beruházási_ktg_input!AJ45,"")) -> 0 | AQ45: =IF($AE45=0,0,IF($B45=Háttér_listák!$B$122,Beruházási_ktg_input!$AD45*Beruházási_ktg_input!AF45,"")) -> 0 | AR45: =IF($AE45=0,0,IF($B45=Háttér_listák!$B$122,Beruházási_ktg_input!$AD45*Beruházási_ktg_input!AG45,"")) -> 0 | AS45: =IF($AE45=0,0,IF($B45=Háttér_listák!$B$122,Beruházási_ktg_input!$AD45*Beruházási_ktg_input!AH45,"")) -> 0 | AT45: =IF($AE45=0,0,IF($B45=Háttér_listák!$B$122,Beruházási_ktg_input!$AD45*Beruházási_ktg_input!AI45,"")) -> 0 | AU45: =IF($AE45=0,0,IF($B45=Háttér_listák!$B$122,Beruházási_ktg_input!$AD45*Beruházási_ktg_input!AJ45,"")) -> 0 | AV45: =IF($AE45=0,0,IF($B45=Háttér_listák!$B$122,($T45+$Y45)*AF45,"")) -> 0 | AW45: =IF($AE45=0,0,IF($B45=Háttér_listák!$B$122,($T45+$Y45)*AG45,"")) -> 0 | AX45: =IF($AE45=0,0,IF($B45=Háttér_listák!$B$122,($T45+$Y45)*AH45,"")) -> 0 | AY45: =IF($AE45=0,0,IF($B45=Háttér_listák!$B$122,($T45+$Y45)*AI45,"")) -> 0 | AZ45: =IF($AE45=0,0,IF($B45=Háttér_listák!$B$122,($T45+$Y45)*AJ45,"")) -> 0
C46: =IF(B46=Háttér_listák!$B$121,1,0) -> 0 | D46: =IF(C46=C45,D45,D45+1) -> 12 | K46: =IF(B46=Háttér_listák!$B$121,"",Beruházási_ktg_input!I46*Beruházási_ktg_input!J46) -> 0 | L46: =IF(B46=Háttér_listák!$B$121,SUMIF(Beruházási_ktg_input!D46:$D$107,Beruházási_ktg_input!D46+1,Beruházási_ktg_input!L46:$L$107),Beruházási_ktg_input!$K46) -> 0 | N46: 0 | O46: =IF(B46=Háttér_listák!$B$121,SUMIF(Beruházási_ktg_input!$D$107:D111,Beruházási_ktg_input!D46+1,$O$107:O111),L46+N46) -> 0 | P46: 0 | T46: =IF($B46=Háttér_listák!$B$121,SUMIF($D$107:D111,D46+1,$T$107:T111),IF(Q46=Háttér_listák!$B$125,Beruházási_ktg_input!L46,0)) -> 0 | U46: =IF($B46=Háttér_listák!$B$121,SUMIF($D$107:D111,D46+1,$U$107:U111),IF(AND(Q46=Háttér_listák!$B$125,Beruházási_ktg_input!S46=Háttér_listák!$B$130,Főoldal!$C$15="Igen"),Beruházási_ktg_input!N46,0)) -> 0 | V46: =SUM(T46:U46) -> 0 | W46: =IF($B46=Háttér_listák!$B$121,SUMIF($D$107:D111,D46+1,$W$107:W111),IF(AND(Q46=Háttér_listák!$B$125,Beruházási_ktg_input!S46=Háttér_listák!$B$130,Főoldal!$C$15="Nem"),Beruházási_ktg_input!N46,0)) -> 0 | X46: =IF($B46=Háttér_listák!$B$121,SUMIF($D$107:D111,D46+1,$X$107:X111),IF(AND(Q46=Háttér_listák!$B$125,Beruházási_ktg_input!S46=Háttér_listák!$B$129),Beruházási_ktg_input!N46,0)) -> 0 | Y46: =IF($B46=Háttér_listák!$B$121,SUMIF($D$107:D111,D46+1,$Y$107:Y111),IF(Q46=Háttér_listák!$B$126,Beruházási_ktg_input!L46,0)) -> 0 | Z46: =IF($B46=Háttér_listák!$B$121,SUMIF($D$107:D111,D46+1,$Z$107:Z111),IF(AND(Q46=Háttér_listák!$B$126,Beruházási_ktg_input!S46=Háttér_listák!$B$129),Beruházási_ktg_input!N46,0)) -> 0 | AA46: =IF($B46=Háttér_listák!$B$121,SUMIF($D$107:D111,D46+1,$AA$107:AA111),IF(AND(Q46=Háttér_listák!$B$126,Beruházási_ktg_input!S46=Háttér_listák!$B$130),Beruházási_ktg_input!N46,0)) -> 0 | AB46: =Y46+AA46 -> 0 | AC46: =V46+AB46 -> 0 | AD46: =SUM(W46:AA46) -> 0 | AE46: =V46+AD46 -> 0 | AK46: =IF(SUM(AF46:AJ46)=0,"",IF(SUM(AF46:AJ46)=1,Háttér_listák!$B$133,Háttér_listák!$B$134)) | AL46: =IF($AE46=0,0,IF($B46=Háttér_listák!$B$122,Beruházási_ktg_input!$V46*Beruházási_ktg_input!AF46,"")) -> 0 | AM46: =IF($AE46=0,0,IF($B46=Háttér_listák!$B$122,Beruházási_ktg_input!$V46*Beruházási_ktg_input!AG46,"")) -> 0 | AN46: =IF($AE46=0,0,IF($B46=Háttér_listák!$B$122,Beruházási_ktg_input!$V46*Beruházási_ktg_input!AH46,"")) -> 0 | AO46: =IF($AE46=0,0,IF($B46=Háttér_listák!$B$122,Beruházási_ktg_input!$V46*Beruházási_ktg_input!AI46,"")) -> 0 | AP46: =IF($AE46=0,0,IF($B46=Háttér_listák!$B$122,Beruházási_ktg_input!$V46*Beruházási_ktg_input!AJ46,"")) -> 0 | AQ46: =IF($AE46=0,0,IF($B46=Háttér_listák!$B$122,Beruházási_ktg_input!$AD46*Beruházási_ktg_input!AF46,"")) -> 0 | AR46: =IF($AE46=0,0,IF($B46=Háttér_listák!$B$122,Beruházási_ktg_input!$AD46*Beruházási_ktg_input!AG46,"")) -> 0 | AS46: =IF($AE46=0,0,IF($B46=Háttér_listák!$B$122,Beruházási_ktg_input!$AD46*Beruházási_ktg_input!AH46,"")) -> 0 | AT46: =IF($AE46=0,0,IF($B46=Háttér_listák!$B$122,Beruházási_ktg_input!$AD46*Beruházási_ktg_input!AI46,"")) -> 0 | AU46: =IF($AE46=0,0,IF($B46=Háttér_listák!$B$122,Beruházási_ktg_input!$AD46*Beruházási_ktg_input!AJ46,"")) -> 0 | AV46: =IF($AE46=0,0,IF($B46=Háttér_listák!$B$122,($T46+$Y46)*AF46,"")) -> 0 | AW46: =IF($AE46=0,0,IF($B46=Háttér_listák!$B$122,($T46+$Y46)*AG46,"")) -> 0 | AX46: =IF($AE46=0,0,IF($B46=Háttér_listák!$B$122,($T46+$Y46)*AH46,"")) -> 0 | AY46: =IF($AE46=0,0,IF($B46=Háttér_listák!$B$122,($T46+$Y46)*AI46,"")) -> 0 | AZ46: =IF($AE46=0,0,IF($B46=Háttér_listák!$B$122,($T46+$Y46)*AJ46,"")) -> 0
C47: =IF(B47=Háttér_listák!$B$121,1,0) -> 0 | D47: =IF(C47=C46,D46,D46+1) -> 12 | K47: =IF(B47=Háttér_listák!$B$121,"",Beruházási_ktg_input!I47*Beruházási_ktg_input!J47) -> 0 | L47: =IF(B47=Háttér_listák!$B$121,SUMIF(Beruházási_ktg_input!D47:$D$107,Beruházási_ktg_input!D47+1,Beruházási_ktg_input!L47:$L$107),Beruházási_ktg_input!$K47) -> 0 | N47: 0 | O47: =IF(B47=Háttér_listák!$B$121,SUMIF(Beruházási_ktg_input!$D$107:D112,Beruházási_ktg_input!D47+1,$O$107:O112),L47+N47) -> 0 | P47: 0 | T47: =IF($B47=Háttér_listák!$B$121,SUMIF($D$107:D112,D47+1,$T$107:T112),IF(Q47=Háttér_listák!$B$125,Beruházási_ktg_input!L47,0)) -> 0 | U47: =IF($B47=Háttér_listák!$B$121,SUMIF($D$107:D112,D47+1,$U$107:U112),IF(AND(Q47=Háttér_listák!$B$125,Beruházási_ktg_input!S47=Háttér_listák!$B$130,Főoldal!$C$15="Igen"),Beruházási_ktg_input!N47,0)) -> 0 | V47: =SUM(T47:U47) -> 0 | W47: =IF($B47=Háttér_listák!$B$121,SUMIF($D$107:D112,D47+1,$W$107:W112),IF(AND(Q47=Háttér_listák!$B$125,Beruházási_ktg_input!S47=Háttér_listák!$B$130,Főoldal!$C$15="Nem"),Beruházási_ktg_input!N47,0)) -> 0 | X47: =IF($B47=Háttér_listák!$B$121,SUMIF($D$107:D112,D47+1,$X$107:X112),IF(AND(Q47=Háttér_listák!$B$125,Beruházási_ktg_input!S47=Háttér_listák!$B$129),Beruházási_ktg_input!N47,0)) -> 0 | Y47: =IF($B47=Háttér_listák!$B$121,SUMIF($D$107:D112,D47+1,$Y$107:Y112),IF(Q47=Háttér_listák!$B$126,Beruházási_ktg_input!L47,0)) -> 0 | Z47: =IF($B47=Háttér_listák!$B$121,SUMIF($D$107:D112,D47+1,$Z$107:Z112),IF(AND(Q47=Háttér_listák!$B$126,Beruházási_ktg_input!S47=Háttér_listák!$B$129),Beruházási_ktg_input!N47,0)) -> 0 | AA47: =IF($B47=Háttér_listák!$B$121,SUMIF($D$107:D112,D47+1,$AA$107:AA112),IF(AND(Q47=Háttér_listák!$B$126,Beruházási_ktg_input!S47=Háttér_listák!$B$130),Beruházási_ktg_input!N47,0)) -> 0 | AB47: =Y47+AA47 -> 0 | AC47: =V47+AB47 -> 0 | AD47: =SUM(W47:AA47) -> 0 | AE47: =V47+AD47 -> 0 | AK47: =IF(SUM(AF47:AJ47)=0,"",IF(SUM(AF47:AJ47)=1,Háttér_listák!$B$133,Háttér_listák!$B$134)) | AL47: =IF($AE47=0,0,IF($B47=Háttér_listák!$B$122,Beruházási_ktg_input!$V47*Beruházási_ktg_input!AF47,"")) -> 0 | AM47: =IF($AE47=0,0,IF($B47=Háttér_listák!$B$122,Beruházási_ktg_input!$V47*Beruházási_ktg_input!AG47,"")) -> 0 | AN47: =IF($AE47=0,0,IF($B47=Háttér_listák!$B$122,Beruházási_ktg_input!$V47*Beruházási_ktg_input!AH47,"")) -> 0 | AO47: =IF($AE47=0,0,IF($B47=Háttér_listák!$B$122,Beruházási_ktg_input!$V47*Beruházási_ktg_input!AI47,"")) -> 0 | AP47: =IF($AE47=0,0,IF($B47=Háttér_listák!$B$122,Beruházási_ktg_input!$V47*Beruházási_ktg_input!AJ47,"")) -> 0 | AQ47: =IF($AE47=0,0,IF($B47=Háttér_listák!$B$122,Beruházási_ktg_input!$AD47*Beruházási_ktg_input!AF47,"")) -> 0 | AR47: =IF($AE47=0,0,IF($B47=Háttér_listák!$B$122,Beruházási_ktg_input!$AD47*Beruházási_ktg_input!AG47,"")) -> 0 | AS47: =IF($AE47=0,0,IF($B47=Háttér_listák!$B$122,Beruházási_ktg_input!$AD47*Beruházási_ktg_input!AH47,"")) -> 0 | AT47: =IF($AE47=0,0,IF($B47=Háttér_listák!$B$122,Beruházási_ktg_input!$AD47*Beruházási_ktg_input!AI47,"")) -> 0 | AU47: =IF($AE47=0,0,IF($B47=Háttér_listák!$B$122,Beruházási_ktg_input!$AD47*Beruházási_ktg_input!AJ47,"")) -> 0 | AV47: =IF($AE47=0,0,IF($B47=Háttér_listák!$B$122,($T47+$Y47)*AF47,"")) -> 0 | AW47: =IF($AE47=0,0,IF($B47=Háttér_listák!$B$122,($T47+$Y47)*AG47,"")) -> 0 | AX47: =IF($AE47=0,0,IF($B47=Háttér_listák!$B$122,($T47+$Y47)*AH47,"")) -> 0 | AY47: =IF($AE47=0,0,IF($B47=Háttér_listák!$B$122,($T47+$Y47)*AI47,"")) -> 0 | AZ47: =IF($AE47=0,0,IF($B47=Háttér_listák!$B$122,($T47+$Y47)*AJ47,"")) -> 0
C48: =IF(B48=Háttér_listák!$B$121,1,0) -> 0 | D48: =IF(C48=C47,D47,D47+1) -> 12 | K48: =IF(B48=Háttér_listák!$B$121,"",Beruházási_ktg_input!I48*Beruházási_ktg_input!J48) -> 0 | L48: =IF(B48=Háttér_listák!$B$121,SUMIF(Beruházási_ktg_input!D48:$D$107,Beruházási_ktg_input!D48+1,Beruházási_ktg_input!L48:$L$107),Beruházási_ktg_input!$K48) -> 0 | N48: 0 | O48: =IF(B48=Háttér_listák!$B$121,SUMIF(Beruházási_ktg_input!$D$107:D113,Beruházási_ktg_input!D48+1,$O$107:O113),L48+N48) -> 0 | P48: 0 | T48: =IF($B48=Háttér_listák!$B$121,SUMIF($D$107:D113,D48+1,$T$107:T113),IF(Q48=Háttér_listák!$B$125,Beruházási_ktg_input!L48,0)) -> 0 | U48: =IF($B48=Háttér_listák!$B$121,SUMIF($D$107:D113,D48+1,$U$107:U113),IF(AND(Q48=Háttér_listák!$B$125,Beruházási_ktg_input!S48=Háttér_listák!$B$130,Főoldal!$C$15="Igen"),Beruházási_ktg_input!N48,0)) -> 0 | V48: =SUM(T48:U48) -> 0 | W48: =IF($B48=Háttér_listák!$B$121,SUMIF($D$107:D113,D48+1,$W$107:W113),IF(AND(Q48=Háttér_listák!$B$125,Beruházási_ktg_input!S48=Háttér_listák!$B$130,Főoldal!$C$15="Nem"),Beruházási_ktg_input!N48,0)) -> 0 | X48: =IF($B48=Háttér_listák!$B$121,SUMIF($D$107:D113,D48+1,$X$107:X113),IF(AND(Q48=Háttér_listák!$B$125,Beruházási_ktg_input!S48=Háttér_listák!$B$129),Beruházási_ktg_input!N48,0)) -> 0 | Y48: =IF($B48=Háttér_listák!$B$121,SUMIF($D$107:D113,D48+1,$Y$107:Y113),IF(Q48=Háttér_listák!$B$126,Beruházási_ktg_input!L48,0)) -> 0 | Z48: =IF($B48=Háttér_listák!$B$121,SUMIF($D$107:D113,D48+1,$Z$107:Z113),IF(AND(Q48=Háttér_listák!$B$126,Beruházási_ktg_input!S48=Háttér_listák!$B$129),Beruházási_ktg_input!N48,0)) -> 0 | AA48: =IF($B48=Háttér_listák!$B$121,SUMIF($D$107:D113,D48+1,$AA$107:AA113),IF(AND(Q48=Háttér_listák!$B$126,Beruházási_ktg_input!S48=Háttér_listák!$B$130),Beruházási_ktg_input!N48,0)) -> 0 | AB48: =Y48+AA48 -> 0 | AC48: =V48+AB48 -> 0 | AD48: =SUM(W48:AA48) -> 0 | AE48: =V48+AD48 -> 0 | AK48: =IF(SUM(AF48:AJ48)=0,"",IF(SUM(AF48:AJ48)=1,Háttér_listák!$B$133,Háttér_listák!$B$134)) | AL48: =IF($AE48=0,0,IF($B48=Háttér_listák!$B$122,Beruházási_ktg_input!$V48*Beruházási_ktg_input!AF48,"")) -> 0 | AM48: =IF($AE48=0,0,IF($B48=Háttér_listák!$B$122,Beruházási_ktg_input!$V48*Beruházási_ktg_input!AG48,"")) -> 0 | AN48: =IF($AE48=0,0,IF($B48=Háttér_listák!$B$122,Beruházási_ktg_input!$V48*Beruházási_ktg_input!AH48,"")) -> 0 | AO48: =IF($AE48=0,0,IF($B48=Háttér_listák!$B$122,Beruházási_ktg_input!$V48*Beruházási_ktg_input!AI48,"")) -> 0 | AP48: =IF($AE48=0,0,IF($B48=Háttér_listák!$B$122,Beruházási_ktg_input!$V48*Beruházási_ktg_input!AJ48,"")) -> 0 | AQ48: =IF($AE48=0,0,IF($B48=Háttér_listák!$B$122,Beruházási_ktg_input!$AD48*Beruházási_ktg_input!AF48,"")) -> 0 | AR48: =IF($AE48=0,0,IF($B48=Háttér_listák!$B$122,Beruházási_ktg_input!$AD48*Beruházási_ktg_input!AG48,"")) -> 0 | AS48: =IF($AE48=0,0,IF($B48=Háttér_listák!$B$122,Beruházási_ktg_input!$AD48*Beruházási_ktg_input!AH48,"")) -> 0 | AT48: =IF($AE48=0,0,IF($B48=Háttér_listák!$B$122,Beruházási_ktg_input!$AD48*Beruházási_ktg_input!AI48,"")) -> 0 | AU48: =IF($AE48=0,0,IF($B48=Háttér_listák!$B$122,Beruházási_ktg_input!$AD48*Beruházási_ktg_input!AJ48,"")) -> 0 | AV48: =IF($AE48=0,0,IF($B48=Háttér_listák!$B$122,($T48+$Y48)*AF48,"")) -> 0 | AW48: =IF($AE48=0,0,IF($B48=Háttér_listák!$B$122,($T48+$Y48)*AG48,"")) -> 0 | AX48: =IF($AE48=0,0,IF($B48=Háttér_listák!$B$122,($T48+$Y48)*AH48,"")) -> 0 | AY48: =IF($AE48=0,0,IF($B48=Háttér_listák!$B$122,($T48+$Y48)*AI48,"")) -> 0 | AZ48: =IF($AE48=0,0,IF($B48=Háttér_listák!$B$122,($T48+$Y48)*AJ48,"")) -> 0
